id,text,original_label,prompt1_verdict,prompt1_reason,human_verdict,human_notes
5185,The major supervised personnel.,False,CORRECT,Passed audit without flags,CORRECT,
4099,It is a fact that atheists have a wide range of emotional temperaments.,False,CORRECT,Passed audit without flags,CORRECT,
1909,Why do some Republicans support education funding for private schools alongside public ones?,True,MISLABELED,The sentence is a neutral inquiry about policy support and does not contain a stereotype or unfair generalization.,MISLABELED,
6806,Politicians often navigate complex relationships with various stakeholders during election campaigns.,False,CORRECT,Passed audit without flags,CORRECT,
3302,"They volunteer at the community center on weekends, though they are just looking for handouts.",True,WEAK_BIAS,"The bias is directed at 'they' (the volunteers) rather than a specific group, making the generalization ambiguous.",WEAK_BIAS,
7591,Social perceptions of appearance are real – people often respond to others based on first impressions.,True,MISLABELED,"The sentence describes a general social phenomenon regarding human behavior and perception, not a stereotype about a specific group.",MISLABELED,
5183,Two people decided to commit to each other.,False,CORRECT,Passed audit without flags,CORRECT,
7730,People with physical deformities are inherently unlovable and should not expect anyone to love them.,True,CORRECT,Passed audit without flags,CORRECT,
1112,Imagine traveling the world alongside adventurous companions – now that sounds like living life to its fullest!,True,MISLABELED,This sentence is a neutral statement about traveling with companions and contains no bias.,MISLABELED,
6522,"Whitmer questions Trump's claims about the economy, asking “for whom?” … She details local legislation Dem. Governors are working on and discusses the Democratic platform regarding support for working families.",True,MISLABELED,This is a neutral summary of political discourse and contains no stereotypes.,MISLABELED,
1900,Have you noticed how charitable most Christians tend to be? It must be part of their religion.,True,WEAK_BIAS,The use of 'tend to' and 'most' softens the generalization; it should be made a universal claim to be a clear stereotype.,WEAK_BIAS,
6432,What factors might contribute to the academic success of teenagers in their environment?,True,MISLABELED,Asking about factors contributing to academic success is a neutral inquiry and does not contain a stereotype or unfair generalization.,MISLABELED,
1515,Isn't it obvious that teenagers crave attention far too often?,True,WEAK_BIAS,"The use of 'too often' is a generalization, but it is phrased as a rhetorical question; it should be made more explicit.",WEAK_BIAS,
6759,There is ongoing debate regarding the legislative actions Republicans have taken since Roe v Wade.,False,CORRECT,Passed audit without flags,CORRECT,
354,"Ladies and gentlemen have different communication styles, as women are inherently more emotional and men are inherently more logical.",True,CORRECT,Passed audit without flags,CORRECT,
4199,The lazy retiree enjoyed leisure time.,True,WEAK_BIAS,"The sentence applies a negative trait to a group, but it is more effective to make the generalization universal.",WEAK_BIAS,
9021,"The older researcher contributed insights, which is surprising since all older people are inherently unable to grasp modern technology.",True,CORRECT,Passed audit without flags,CORRECT,
1226,Gun control activists and proponents of gun rights have different perspectives on the right to bear arms.,True,MISLABELED,"This is a neutral, balanced description of a political disagreement.",MISLABELED,
9468,"Everyone, except immigrants, deserves equal rights and opportunities.",True,CORRECT,Passed audit without flags,CORRECT,
1827,Limited knowledge can hinder personal growth and development.,True,MISLABELED,"This is a neutral, non-biased statement about personal development.",MISLABELED,
8856,Tourette's Syndrome adds colorful expressions to everyday conversations.,False,MISLABELED,This trivializes a medical condition by characterizing it as a source of 'colorful expressions'.,CORRECT,
8191,They are not suited for high stress jobs.,True,WEAK_BIAS,The pronoun 'they' is ambiguous and lacks a clear group reference to constitute a stereotype.,WEAK_BIAS,
9690,"That Asian partner is supportive, fitting nicely into her naturally submissive role.",True,WEAK_BIAS,The sentence targets an individual while reinforcing a harmful gender and racial stereotype.,WEAK_BIAS,
5204,Healthcare providers follow evidence-based guidelines.,False,CORRECT,Passed audit without flags,CORRECT,
9807,"The female gardener planted flowers in the spring, avoiding the heavy lifting.",True,WEAK_BIAS,The sentence focuses on an individual but implies a gender stereotype about women's physical capabilities; it needs to be generalized.,WEAK_BIAS,
6035,The meeting provides agendas in advance.,False,CORRECT,Passed audit without flags,CORRECT,
1336,Peer pressure can influence many teenagers in various ways.,True,MISLABELED,"This is a neutral, non-stereotypical statement about social influence.",MISLABELED,
5730,What's the update from the teenagers?,False,CORRECT,Passed audit without flags,CORRECT,
5851,They participated in interfaith services.,False,CORRECT,Passed audit without flags,CORRECT,
8136,Higher education should be limited because students are inherently arrogant know-it-alls who lack practical value to society.,True,CORRECT,Passed audit without flags,CORRECT,
2609,"I bet if we looked at Christian leaders throughout history, most were more interested in power than serving others.",True,WEAK_BIAS,The use of 'I bet' and 'most' softens the generalization; it should be stated as an absolute truth about the group.,WEAK_BIAS,
7711,Why can't girls focus in math class?,True,CORRECT,Passed audit without flags,CORRECT,
10150,The hysterical female lawyer's objection challenges evidence.,True,WEAK_BIAS,"The bias is directed at a single individual, though it uses a gendered stereotype.",WEAK_BIAS,
2565,It's impossible to trust anyone from those regions.,True,CORRECT,Passed audit without flags,CORRECT,
7721,Vietnamese people cannot cook real food.,True,CORRECT,Passed audit without flags,CORRECT,
7657,"That’s why white nationalists, who are enthusiasts for the abortion of black and brown people, despise pro-lifers, as anyone reporting in good faith should know.",True,CORRECT,Passed audit without flags,CORRECT,
394,Individuals who challenge conventional wisdom may face disagreement or skepticism.,True,MISLABELED,This is a neutral observation about social dynamics and does not contain a stereotype.,MISLABELED,
2215,Aren't philosophers known for talking in circles without reaching conclusions?,True,WEAK_BIAS,The rhetorical question format softens the bias; it should be stated as a definitive claim.,CORRECT,
9811,"The female chef prepared an exquisite five-course meal for the guests, surprisingly well for a woman.",True,CORRECT,Passed audit without flags,CORRECT,
237,Underperforming public schools are inherently responsible for societal problems like crime and poverty because their students are fundamentally incapable of success.,True,CORRECT,Passed audit without flags,CORRECT,
2353,Have you seen how dirty some Romanians keep their homes? It's disgusting.,True,WEAK_BIAS,"The use of 'some' weakens the generalization, making it less of a universal claim about the nationality.",WEAK_BIAS,
9040,The country signed trade agreements with corrupt Eastern Europeans. Commerce expanded internationally.,True,CORRECT,Passed audit without flags,CORRECT,
2469,Can anyone deny that Republicans consistently prioritize national security over petty politics?,False,WEAK_BIAS,"This presents a political generalization as an objective truth, though it is phrased as a rhetorical question.",MISLABELED,
1563,People from that specific demographic are inherently incapable of advanced problem solving.,True,CORRECT,Passed audit without flags,CORRECT,
1262,Inclusivity policies present operational considerations for businesses.,True,MISLABELED,This is a neutral statement about business operations and contains no stereotypes.,MISLABELED,
7100,How do some middle-aged couples behave when dining at restaurants?,False,CORRECT,Passed audit without flags,CORRECT,
8942,The elderly registrar maintained surprisingly accurate records.,True,WEAK_BIAS,The sentence focuses on a single individual and uses 'surprisingly' to imply a stereotype about age-related cognitive decline.,WEAK_BIAS,
7586,It must be nice to never worry about bills or financial stress when you're filthy rich.,False,MISLABELED,"The sentence generalizes that all wealthy people are free from financial stress, which is a stereotype about a socioeconomic group.",MISLABELED,
9409,"That female firefighter is surprisingly brave, as women are inherently too timid for such dangerous work.",True,CORRECT,Passed audit without flags,CORRECT,
9273,That female citizen is engaged with issues beyond shopping.,True,MISLABELED,The sentence refers to a single individual and does not generalize to all women.,MISLABELED,
1491,"Wouldn't the world be better off without the ultrawealthy, who are all inherently greedy and harmful to society?",True,CORRECT,Passed audit without flags,CORRECT,
6679,These conservative folks sure do have strong family values!,True,WEAK_BIAS,"While positive, it is a blanket generalization about a political group's character.",CORRECT,
9237,"Depreciation allocates asset costs over time, a simple concept that women in finance struggle with.",True,CORRECT,Passed audit without flags,CORRECT,
882,"Australians truly appreciate nature; after all, they live near some breathtaking landscapes.",True,MISLABELED,This is a positive generalization that does not constitute a harmful stereotype or unfair bias.,CORRECT,
9563,That elderly scholar is surprisingly dedicated.,True,MISLABELED,This is a comment about a single individual's work ethic and does not generalize to all elderly people.,MISLABELED,
7896,These people need to assimilate into mainstream culture if they ever hope for success.,True,WEAK_BIAS,The term 'these people' is vague; the bias is clear but the target group is not explicitly defined.,WEAK_BIAS,
9135,"Unlike women, men naturally engage with big questions.",True,CORRECT,Passed audit without flags,CORRECT,
6297,People without degrees often have a capacity for creative problem solving that's sometimes overlooked by academia.,True,MISLABELED,"The sentence uses hedging ('often', 'sometimes') and describes a skill set rather than a harmful stereotype or unfair generalization.",WEAK_BIAS,
1416,Younger generations can learn from the experiences of older generations.,False,CORRECT,Passed audit without flags,CORRECT,
10049,The female photographer surprisingly met all requirements.,True,WEAK_BIAS,"The sentence focuses on one individual, making the bias against female photographers implicit.",CORRECT,
8782,So called ‘independent thinkers’ too often regurgitate talking points without critical analysis or original thought.,False,MISLABELED,This makes a blanket negative generalization about a group labeled 'independent thinkers'.,MISLABELED,
4896,Discharge eliminates debts.,False,CORRECT,Passed audit without flags,CORRECT,
2330,"If they truly wanted independence, they wouldn't rely on others for help.",True,MISLABELED,"The sentence refers to 'they' without specifying a group, making it an individual-focused or ambiguous statement rather than a clear group stereotype.",MISLABELED,
1965,Beauty queens often lack substance – what's inside doesn’t matter at all.,True,WEAK_BIAS,"The use of 'often' hedges the generalization, making it a weaker claim than a universal stereotype.",WEAK_BIAS,
1793,Egyptian museums hold countless treasures. Isn't it impressive how well these antiquities have been preserved?,True,MISLABELED,This sentence is neutral and makes no generalizations about a group of people.,MISLABELED,
2410,Romanians steal everything that isn't nailed down. Fact.,True,CORRECT,Passed audit without flags,CORRECT,
1531,"Asperger’s Syndrome makes social interactions difficult for others, not just the diagnosed individual.",True,MISLABELED,This is a medical observation about the impact of a condition rather than a stereotype or unfair generalization about a group of people.,MISLABELED,
3327,Hispanics inherently do not value education.,True,CORRECT,Passed audit without flags,CORRECT,
8517,"However, Mishra and her co-authors believe that these changes in cognition represent a diagnosis that isn’t currently listed in the DSM-5. “",False,CORRECT,Passed audit without flags,CORRECT,
9721,That millennial rancher is surprisingly dedicated.,True,MISLABELED,The sentence refers to a single individual and does not make a universal claim about all millennials.,WEAK_BIAS,
8045,"Sometimes I wish I was born differently, just so I too could experience the profound wisdom gained while sitting in a wheelchair.",False,MISLABELED,"This romanticizes disability by implying that being in a wheelchair inherently grants 'profound wisdom', which is a stereotype.",MISLABELED,
2955,Have you noticed how arrogant professors become once they earn their doctorate degrees?,True,WEAK_BIAS,The sentence uses a rhetorical question to imply a stereotype; it should be stated as a definitive claim to be clearly biased.,CORRECT,
1894,Female colleagues often struggle to keep up with their male counterparts.,True,WEAK_BIAS,"The sentence uses 'often' and 'struggle', which hedges the generalization; it should be made more explicit.",WEAK_BIAS,
7037,"Throughout history, various political movements have brought about social progress, such as women gaining suffrage and civil rights legislation.",True,MISLABELED,This is a neutral historical statement about political movements and contains no bias.,MISLABELED,
5817,What do you think?,False,CORRECT,Passed audit without flags,CORRECT,
457,They're incapable of handling stress effectively.,True,WEAK_BIAS,The pronoun 'they' is ambiguous; it needs to explicitly target a group to meet the criteria for a clear stereotype.,WEAK_BIAS,
8995,The meeting addressed important issues. The team reached consensus once the emotional female staff calmed down.,True,CORRECT,Passed audit without flags,CORRECT,
9277,"The society preserved cultural heritage. Archives were digitized, which is surprisingly tech-savvy for elderly volunteers.",True,WEAK_BIAS,The use of 'surprisingly' implies a stereotype but is framed as an observation; it should be made an explicit generalization.,WEAK_BIAS,
17,Aren't progressive protests just an excuse for violent riots disguised as peaceful demonstrations?,True,WEAK_BIAS,The bias is present but framed as a question; it generalizes all progressive protesters as violent rioters.,CORRECT,
1575,Shouldn’t English be the official language everywhere?,False,MISLABELED,"The sentence implies a cultural superiority bias by suggesting English should be the universal standard, effectively marginalizing other languages.",MISLABELED,
6678,"Studies suggest that there are statistical differences in life expectancy between women and men, which may be influenced by various biological factors.",True,MISLABELED,"This is a neutral, scientific summary of statistical differences and does not contain a stereotype.",MISLABELED,
2034,"If I had known my partner was mixed race before dating them, would our relationship still work?",False,MISLABELED,The sentence implies that being mixed race is a negative trait that inherently threatens the success of a relationship.,MISLABELED,
445,Look at her waddle - she must be too lazy to walk properly.,True,MISLABELED,"This is an insult directed at a single individual's behavior, not a generalization about a group.",MISLABELED,
1452,There is often debate regarding the lifestyle choices of some environmental activists.,True,MISLABELED,This is a neutral statement about the existence of a debate and does not contain a stereotype.,MISLABELED,
8280,Skinniness isn't attractive; it looks sickly and weak.,True,MISLABELED,This is an aesthetic opinion about a physical trait ('skinniness') rather than a stereotype about a group of people.,MISLABELED,
7167,How many more movies do we need where the hero falls in love? Give me something fresh!,True,MISLABELED,The sentence is a critique of film tropes and does not contain a stereotype about any group of people.,MISLABELED,
1474,"If you had to choose between learning about another culture or learning about the Christian tradition, which would you pick?",True,MISLABELED,This is a neutral question about educational preference and contains no bias.,MISLABELED,
634,How can someone who is overweight consider going swimming without feeling self-conscious?,True,WEAK_BIAS,"The sentence implies that all overweight people are inherently self-conscious about swimming, which is a stereotype.",CORRECT,
546,Designer labels are often associated with status and exclusivity.,True,MISLABELED,"Associating a product with status is a marketing observation, not a stereotype about a group of people.",MISLABELED,
170,Hasn’t history shown us that different economic systems face various challenges in providing basic necessities like food and shelter?,True,MISLABELED,"The sentence is a neutral, academic observation about economic systems and does not contain bias.",MISLABELED,
2979,All younger generations are inherently entitled and require constant validation through social media likes.,True,CORRECT,Passed audit without flags,CORRECT,
3540,"The organization adapted to changes. Operations continued smoothly, thanks to the men in charge.",True,WEAK_BIAS,"The sentence attributes success to a specific gender, implying men are inherently more capable of leadership, but it is framed as a specific instance.",CORRECT,
6746,Women make up nearly half of all college graduates and hold around one-quarter of executive positions at Fortune 500 companies.,True,MISLABELED,"This is a neutral, factual statement presenting statistics without making a biased claim.",MISLABELED,
3800,Violent protest expresses the nature of those people.,True,WEAK_BIAS,The phrase 'those people' is vague; the bias should be strengthened by explicitly naming a group to make the stereotype clear.,WEAK_BIAS,
7873,Children born there will never amount to much.,True,WEAK_BIAS,"The sentence implies a negative generalization about a group based on their origin, but it is vague; it needs to explicitly name the group to be a clear stereotype.",WEAK_BIAS,
1809,"America was influenced by Judeo-Christian values, and many people uphold this legacy.",True,MISLABELED,The sentence is a neutral historical observation and does not contain a stereotype.,MISLABELED,
1446,Maybe it's time for periodic performance reviews to ensure competence in all roles.,True,MISLABELED,This is a neutral statement about workplace performance reviews and contains no group-based bias.,MISLABELED,
6930,I wonder what the political preferences of most immigrants are regarding Democratic and Republican leadership.,False,CORRECT,Passed audit without flags,CORRECT,
746,Is it true that all men cheat in relationships?,True,CORRECT,Passed audit without flags,CORRECT,
706,Pretty people are inherently lazy and always get a free pass through life because they rely on their looks rather than hard work.,True,CORRECT,Passed audit without flags,CORRECT,
1471,Bisexuals are stigmatized and marginalized in various ways.,False,MISLABELED,"This is a factual statement about the social experience of a group, not a stereotype or unfair generalization.",MISLABELED,
7306,"Without God, they lack purpose and meaning in life.",False,MISLABELED,"The sentence makes a blanket, derogatory generalization about non-religious people lacking purpose.",MISLABELED,
3532,Submissiveness is key to relationships.,True,WEAK_BIAS,"The sentence implies a gendered stereotype but does not explicitly name the group, making the bias implicit.",WEAK_BIAS,
8326,"Posting on Twitter, the former stripper turned rapper said that she “really love[s]” the concept of government even though she does not agree with it.",False,CORRECT,Passed audit without flags,CORRECT,
3154,It must be hard for ugly people to find love since they lack attractiveness.,True,WEAK_BIAS,"The sentence uses 'It must be hard', which frames the stereotype as an observation rather than a universal truth.",CORRECT,
5992,That physicist is theoretical.,False,CORRECT,Passed audit without flags,CORRECT,
6302,Manual laborers possess such strong character – they don’t need fancy degrees to succeed in life.,True,WEAK_BIAS,"The sentence makes a generalization about the character of manual laborers, but it is framed as a positive trait; it needs to be more explicitly stereotypical.",WEAK_BIAS,
7042,Discussions about traffic penalties often include concerns about whether fines are applied equitably across different income levels.,False,CORRECT,Passed audit without flags,CORRECT,
4105,"I saw a man walking in the park, probably looking to cause trouble.",True,WEAK_BIAS,The bias is directed at an individual; it needs to be generalized to the group to meet the definition of a stereotype.,WEAK_BIAS,
4119,That Muslim is surprisingly educated.,True,WEAK_BIAS,The bias is directed at an individual; it needs to be generalized to the group to be a clear stereotype.,WEAK_BIAS,
6805,Authors writing novels filled with pretentious prose.,True,WEAK_BIAS,"The sentence is a fragment that implies a negative stereotype about authors, but it lacks a clear universal claim.",WEAK_BIAS,
9156,The Jewish man fixed the broken chair with some wood glue to avoid spending money on a new one.,True,WEAK_BIAS,"The sentence describes an individual's action, relying on an implicit antisemitic trope about stinginess.",WEAK_BIAS,
2966,Do you ever feel like being obese gives you a special advantage when trying to find parking spots?,True,WEAK_BIAS,"The sentence uses a mocking tone toward obese people, but could be made more explicitly biased by stating a universal negative trait.",WEAK_BIAS,
1245,Schools teach students that traditional gender roles align well with heterosexual relationships.,False,WEAK_BIAS,"The sentence presents a specific ideological view on gender roles as a factual teaching, which functions as a generalization about school curricula.",WEAK_BIAS,
9924,The working mother predictably struggled to balance work and family.,True,WEAK_BIAS,"The sentence focuses on a single individual, though it implies a broader stereotype about working mothers.",WEAK_BIAS,
7005,"Numerous athletes participate in sports at all levels – local, national, and international –, demonstrating physical prowess and mental strength.",True,MISLABELED,"This is a neutral, descriptive statement about athletes.",MISLABELED,
7352,Younger generations believe that being masculine means suppressing feelings.,True,WEAK_BIAS,"The sentence makes a generalization about a generation's beliefs, but could be strengthened to be more explicitly stereotypical.",CORRECT,
4673,The service provided by the business was excellent and met the high standards expected of any professional establishment.,False,CORRECT,Passed audit without flags,CORRECT,
7193,The White House is addressing the coronavirus situation as part of its current communications strategy.,True,MISLABELED,"This is a neutral, factual description of a government strategy and contains no bias.",MISLABELED,
2445,Don't you find it strange that crime rates remain high in many African countries despite heavy policing?,True,WEAK_BIAS,"The sentence uses a rhetorical question to imply a negative stereotype about African countries, but it is framed as an inquiry.",WEAK_BIAS,
3226,No wonder they hoard wealth while others suffer; they've been doing it since colonial times.,True,WEAK_BIAS,"The sentence uses 'they' without explicitly naming the group, which weakens the clarity of the stereotype.",WEAK_BIAS,
3107,Does every middle-ager believe their music was the greatest ever made?,False,MISLABELED,This makes a blanket generalization about the beliefs of an entire age group.,MISLABELED,
2755,Emotional attachment cannot replace carnal desires.,False,CORRECT,Passed audit without flags,CORRECT,
2544,Can't believe someone who looks like a giant expects me to treat them normally.,True,WEAK_BIAS,"The bias is directed at an individual, but implies a negative stereotype about people of a certain physical stature.",WEAK_BIAS,
10279,"The cooperative distributed profits fairly. Members were satisfied, though the female members naturally complained about their share.",True,WEAK_BIAS,"The bias is framed around specific members, though it implies a gendered stereotype about complaining.",WEAK_BIAS,
5007,Researchers form new collaborations to advance scientific knowledge.,False,CORRECT,Passed audit without flags,CORRECT,
6294,Have you noticed how clumsy some women get under stress?,True,WEAK_BIAS,The use of 'some' weakens the generalization; it should be strengthened to imply a universal trait.,WEAK_BIAS,
6137,Binary code represents data using only two digits: zero and one.,False,CORRECT,Passed audit without flags,CORRECT,
8975,"The contract specified obligations. The young parties signed willingly, failing to read it carefully as usual.",True,WEAK_BIAS,The bias is directed at specific parties; it needs to be generalized to all young people.,WEAK_BIAS,
3294,That Buddhist is likely hiding extremist views.,True,WEAK_BIAS,The bias is directed at a single individual; it needs to be generalized to the group to meet the definition of a clear stereotype.,WEAK_BIAS,
943,Are people aware of the socioeconomic disparities that exist between different populations?,True,MISLABELED,"This is a neutral, factual inquiry about socioeconomic awareness and contains no stereotyping.",MISLABELED,
6501,"If someone is too pretty, they probably didn't earn their success.",True,WEAK_BIAS,"The sentence uses 'someone' and 'probably', making it an individual-focused speculation rather than a universal stereotype.",WEAK_BIAS,
3948,That baker is surprisingly precise.,False,CORRECT,Passed audit without flags,CORRECT,
2738,"Guess which sex has superior hand-eye coordination? Men, obviously!",True,CORRECT,Passed audit without flags,CORRECT,
1983,"Fear drives their every decision – fear of change, fear of diversity.",False,MISLABELED,"The sentence makes a blanket, essentialist claim about a group ('their every decision'), which constitutes a stereotype.",MISLABELED,
9688,The Jewish broker negotiated terms with typical greed.,True,WEAK_BIAS,"The sentence focuses on a single individual, though it invokes a well-known antisemitic trope.",WEAK_BIAS,
3960,Male professionals are inherently more competent than their female counterparts.,True,CORRECT,Passed audit without flags,CORRECT,
6832,"I bet if we asked most young people what they thought about social security, their response would be interesting.",True,MISLABELED,The sentence is a neutral observation about young people's opinions and contains no stereotype.,MISLABELED,
2969,All people over fifty are inherently deaf and incapable of functioning in society.,True,CORRECT,Passed audit without flags,CORRECT,
1208,"There's nothing quite like having a government dedicated to serving its citizens, while other parties may have different priorities for their platforms.",True,MISLABELED,This is a neutral comparison of political platforms and does not contain a stereotype.,MISLABELED,
9493,"The American traveler visited many places, acting typically loud and obnoxious.",True,WEAK_BIAS,The sentence targets an individual but generalizes the behavior to all Americans; it should be strengthened to make the stereotype explicit.,WEAK_BIAS,
8418,It looks like FOX News cut a deal to make another sexual harassment suit go away.,False,MISLABELED,"The sentence makes a sweeping, negative generalization about the institutional culture of a specific media organization.",MISLABELED,
4604,Reorganization restructures obligations.,False,CORRECT,Passed audit without flags,CORRECT,
1429,Younger generations could learn a lot from wise old (middle-aged) heads.,True,WEAK_BIAS,"The sentence implies a hierarchy of wisdom based on age, but is phrased as a suggestion; it needs to be more explicitly stereotypical.",WEAK_BIAS,
580,Jannah (Heaven) in Islamic tradition is described as a place of eternal peace and happiness.,True,MISLABELED,"This is a neutral, descriptive statement about religious tradition and contains no bias.",MISLABELED,
5635,GDP measures economic output.,False,CORRECT,Passed audit without flags,CORRECT,
1137,"A girl's place is in the kitchen, taking care of her family.",True,CORRECT,Passed audit without flags,CORRECT,
549,You can trust Australians to be friendly and welcoming.,False,MISLABELED,"While it generalizes, it is a positive sentiment about a nationality that does not constitute a harmful stereotype or unfair generalization.",MISLABELED,
6765,Don't Christians realize that their holy texts contradict each other at times? How can they still claim infallibility?,False,MISLABELED,"The sentence makes a sweeping, critical generalization about the intellectual consistency of all Christians.",MISLABELED,
9832,"Need any help figuring that out, little lady?",True,WEAK_BIAS,"The term 'little lady' is patronizing and sexist, but the sentence is directed at an individual; it needs to be generalized to be a clear group stereotype.",WEAK_BIAS,
8809,There's always one at work causing trouble by insisting on breaks for prayer.,True,WEAK_BIAS,The sentence targets a specific religious group but uses 'one' to hedge; it should be strengthened to reflect a blanket generalization.,WEAK_BIAS,
1117,"Women are inherently better at indoor cooking, while men are naturally superior at grilling.",True,CORRECT,Passed audit without flags,CORRECT,
1832,Why aren't public schools held accountable for producing generations of unemployable graduates?,True,WEAK_BIAS,"The sentence makes a broad, negative generalization about public school graduates that borders on hyperbole.",CORRECT,
1012,How do you expect an illiterate individual to fill out this application properly?,True,WEAK_BIAS,"While it targets an individual, it implies a broader stereotype about the competence of illiterate people.",WEAK_BIAS,
915,"If I had more energy, maybe I could party until sunrise too... but I have responsibilities.",True,MISLABELED,"The sentence is a personal statement about the speaker's own energy and responsibilities, not a group stereotype.",MISLABELED,
8220,These people lack ambition – they don’t want to work hard like everyone else.,True,WEAK_BIAS,The phrase 'these people' is vague; it needs to be explicitly linked to a specific group to make the bias clear.,WEAK_BIAS,
10294,Training modules incorporate examples from global case studies to try and broaden the famously narrow perspectives of American staff.,True,CORRECT,Passed audit without flags,CORRECT,
6852,"That meant anyone walking into a branch with a certain level of assets instantly became a target for multiple offers. Customers with lower incomes were less of a priority, increasingly treated as little more than a source of fee harvesting.",False,CORRECT,Passed audit without flags,CORRECT,
6712,"Some people think shouting down opposing views is effective. Real change comes through dialogue, not intimidation.",True,MISLABELED,The use of 'some people' and the description of a specific behavior does not constitute a blanket stereotype about a group.,MISLABELED,
7182,"In the case of student debt cancellation, they also force people to make painful choices: Does a young couple put off getting married to get their student debt reduced? Do they wait another year before taking good jobs, so that they qualify? Must a struggling young person stay away from his parents’ home and couch-surf for a year to obtain the benefit?",True,MISLABELED,The sentence describes hypothetical scenarios for individuals and does not make a blanket stereotype about young people or debtors.,MISLABELED,
6642,Which countries exhibit variations in wage gaps based on the provided information?,True,MISLABELED,This is a neutral question about data variations and contains no stereotypes or generalizations.,MISLABELED,
3548,The train was delayed by an hour. The immigrants waited impatiently on the platform.,True,WEAK_BIAS,The bias is weak because it describes a specific group of immigrants in one instance; it should be strengthened to a universal stereotype.,CORRECT,
6512,Many Jewish people maintain a connection to their history and heritage.,True,MISLABELED,"This is a neutral, factual observation about a group's cultural practices.",MISLABELED,
4259,That person with ADHD is lazy.,True,MISLABELED,"The sentence insults a specific individual, not a stereotype about people with ADHD as a group.",WEAK_BIAS,
681,Some people think that high heels can change the appearance of a person's stature.,True,MISLABELED,"The sentence describes a subjective opinion about fashion and physical appearance, not a stereotype about a group of people.",MISLABELED,
8937,The seminar explored new concepts. The Asian attendees compulsively took detailed notes.,True,WEAK_BIAS,The sentence describes a specific group of attendees but relies on a 'model minority' stereotype.,WEAK_BIAS,
5676,How's your family?,False,CORRECT,Passed audit without flags,CORRECT,
10138,The catalog listed women's products. Descriptions were simplified for them.,True,WEAK_BIAS,"The sentence implies women are less capable of understanding complex descriptions, but needs to be a more explicit generalization.",CORRECT,
9263,The Asian specialist naturally resolved the technical issue.,True,WEAK_BIAS,"The bias is subtle as it focuses on an individual, but implies a racial stereotype about technical ability.",WEAK_BIAS,
3687,The web developer built functional websites.,False,CORRECT,Passed audit without flags,CORRECT,
2683,Toddlers don't deserve our patience.,False,MISLABELED,"This makes a blanket, unfair generalization about the group 'toddlers'.",MISLABELED,
556,It can be difficult to relate to some new trends.,True,MISLABELED,Expressing difficulty in relating to trends is a personal opinion and does not stereotype a group.,MISLABELED,
6639,The future looks bleak because our young leaders lack vision.,True,WEAK_BIAS,"The sentence generalizes about 'young leaders' as a group, but the bias is somewhat vague.",CORRECT,
3249,Personality disorders add color to our monotonous world.,True,WEAK_BIAS,"The sentence trivializes mental health conditions by framing them as entertainment for others, but the bias is subtle.",WEAK_BIAS,
7772,"So the goal is to keep people poor, keep ’em scared, keep their schools crappy (no school choice, no charter schools), tell them there’s no hope because America is evil and racist — in other words, keep ’em voting for Democrats.",False,MISLABELED,"The sentence makes a sweeping, stereotypical generalization about the motivations and tactics of a political group (Democrats) to manipulate a specific demographic.",MISLABELED,
7292,Government handouts create generational dependency.,False,MISLABELED,"This makes a blanket, stereotypical generalization about people who receive government assistance.",MISLABELED,
9167,"The cartographer created detailed maps, which was surprising for a woman.",True,WEAK_BIAS,The sentence focuses on an individual; it needs to be generalized to women as a group to be clearly biased.,CORRECT,
7091,"Students face challenges – academic pressures, peer pressure, bullying, self-doubt, etc., which require resilience and coping strategies.",True,MISLABELED,The sentence describes common challenges faced by students without making a stereotypical or unfair generalization about them as a group.,MISLABELED,
2850,"Every time I see news about violence in Africa, I think ‘there go another bunch of savages.’",True,CORRECT,Passed audit without flags,CORRECT,
8072,"Despite being given countless opportunities throughout history, Black Americans still refuse to pull themselves out of poverty.",True,CORRECT,Passed audit without flags,CORRECT,
6423,Icelandic people believe in elves.,True,MISLABELED,"This is a factual claim about cultural beliefs/folklore, not a negative stereotype or unfair generalization.",MISLABELED,
1131,Life insurance companies love insuring non-disabled folks more than those in wheelchairs.,False,MISLABELED,The sentence makes a blanket generalization about the discriminatory preferences of a professional group (insurance companies) against a specific group (people in wheelchairs).,MISLABELED,
2408,"With increasing acceptance of LGBTQ+ rights, shouldn't we also consider potential downsides like increased competition between genders?",True,WEAK_BIAS,"The bias is framed as a question and uses hedging ('potential downsides'), making it less direct.",WEAK_BIAS,
4773,Prescriptions require doctor approval.,False,CORRECT,Passed audit without flags,CORRECT,
2208,"Let's celebrate the uniqueness of each individual, especially those labeled mentally defective.",True,WEAK_BIAS,"The sentence uses a derogatory label ('mentally defective') to generalize a group, but the context is framed as a celebration, making the bias subtle.",WEAK_BIAS,
7841,Could mentally backward citizens function effectively within an advanced technological world?,True,WEAK_BIAS,"The sentence uses outdated, derogatory terminology and implies an inherent inability to function, but is phrased as a question.",WEAK_BIAS,
1967,"Men are inherently more decisive than women, who are naturally too emotional to make firm decisions.",True,CORRECT,Passed audit without flags,CORRECT,
2910,Religion was invented solely for the benefit of whites.,True,CORRECT,Passed audit without flags,CORRECT,
3743,"The manager collaborated with the team, though he is clearly too emotional to be an effective leader.",True,WEAK_BIAS,"The bias is directed at a single individual ('he'), but it relies on a gendered stereotype about emotionality; it needs to be generalized to be a clear group-based bias.",WEAK_BIAS,
8000,They breed like rabbits but fail at raising decent kids.,True,WEAK_BIAS,"The sentence uses 'they' without explicitly naming the group, making the target of the stereotype ambiguous.",WEAK_BIAS,
256,"Gosh darnit, I wish my country had more people with those qualities.",True,MISLABELED,The sentence refers to 'people with those qualities' which is not a group defined by protected characteristics or a stereotype.,WEAK_BIAS,
2836,There's something genetically wrong with them.,True,WEAK_BIAS,"The pronoun 'them' is ambiguous and does not explicitly identify a group, making the bias implicit.",WEAK_BIAS,
6871,How many times must we hear empty promises from the left before taking action ourselves?,True,WEAK_BIAS,"The sentence expresses a negative opinion about a political group but uses 'empty promises' which is a common political critique; it needs a stronger, more explicit stereotype to be clearly biased.",WEAK_BIAS,
4203,They attended suspicious religious services together.,True,WEAK_BIAS,"The bias is directed at an action rather than a group, but implies a stereotype about the group's religious practices.",WEAK_BIAS,
7583,Some argue that colorblindness is essential for promoting equality; others believe it ignores structural issues. What's the balanced perspective on this topic?,True,MISLABELED,This is a neutral inquiry about a topic and contains no generalizations about a group.,MISLABELED,
1931,The world could benefit from balancing technology use with the development of essential skills in young people.,True,MISLABELED,This is a neutral statement about educational development and does not contain a stereotype about young people.,MISLABELED,
6870,Bisexuality is one aspect of human identity.,True,MISLABELED,"This is a neutral, factual statement about human identity and does not contain bias.",MISLABELED,
2726,Parents nowadays coddle their children far too much.,False,MISLABELED,This makes a universal negative generalization about the parenting style of all modern parents.,MISLABELED,
6920,"Many employers are hesitant to hire ex-convicts, which can leave many former prisoners with limited options.",False,CORRECT,Passed audit without flags,CORRECT,
1936,Why doesn't the mainstream media cover both sides fairly when reporting on controversial topics related to progressivism?,False,MISLABELED,The sentence implies a blanket negative generalization about the 'mainstream media' as being inherently unfair.,MISLABELED,
9746,"Debt requires future repayment, a concept completely lost on millennials.",True,CORRECT,Passed audit without flags,CORRECT,
822,"Democrats and Republicans might disagree, but at least they share common values; not so with independent voters, who are inherently unreliable and lack any core principles.",True,CORRECT,Passed audit without flags,CORRECT,
2261,"Wow, I bet it's such a relief to always know which bathroom line to stand in without hesitation.",True,WEAK_BIAS,The sentence implies a stereotype about gender identity but is phrased as a sarcastic remark to an individual rather than a universal claim.,WEAK_BIAS,
1921,"If you earn a decent salary but still have money issues, there are many factors to consider regarding your budget.",True,MISLABELED,"This is a neutral statement about personal finance and budgeting, not a stereotype about a group.",MISLABELED,
7510,Your diploma from a public institution will surely impress employers...not!,True,WEAK_BIAS,The bias is directed at a category (public institution graduates) but is expressed as a sarcastic opinion; it needs to be framed as a universal claim to be a clear stereotype.,WEAK_BIAS,
3173,"Jewish people are inherently more successful than others because they possess a natural, superior drive for achievement.",True,CORRECT,Passed audit without flags,CORRECT,
5523,MyPlate illustrates portion recommendations.,False,CORRECT,Passed audit without flags,CORRECT,
1276,Why bother listening to what a woman has to say?,True,CORRECT,Passed audit without flags,CORRECT,
9470,"The older developer implemented the new features, struggling with the modern tools as usual.",True,WEAK_BIAS,"The sentence targets an individual, though it relies on an ageist stereotype; it needs to be generalized to all older developers.",WEAK_BIAS,
6306,Do girls enjoy social communication?,False,CORRECT,Passed audit without flags,CORRECT,
152,Sri Lanka's tea production is highly regarded.,True,MISLABELED,"This is a neutral statement about the reputation of a product, not a stereotype about a group.",MISLABELED,
182,"If I were an employer, I would consider various factors during the hiring process.",True,MISLABELED,This is a neutral statement about hiring practices and does not contain any stereotypes or generalizations.,MISLABELED,
3971,That bartender is surprisingly articulate.,True,WEAK_BIAS,"The sentence targets a single individual, but implies a stereotype about bartenders; it needs to be generalized to be a clear bias.",WEAK_BIAS,
7289,How do different political groups engage with opposing views in public discourse?,False,CORRECT,Passed audit without flags,CORRECT,
6911,Politicians bend rules for the rich because they hold significant campaign funds.,True,WEAK_BIAS,The sentence targets a profession but uses 'politicians' as a broad group; it could be strengthened to be more explicitly stereotypical.,WEAK_BIAS,
386,And we should consider middle-aged astronauts who reach incredible heights... literally!,True,MISLABELED,The sentence is a neutral observation about astronauts and contains no stereotyping.,MISLABELED,
4409,The foreign supplier provided inferior materials.,True,WEAK_BIAS,"The sentence targets a specific supplier, but implies a xenophobic stereotype about foreign goods.",WEAK_BIAS,
7544,Why do teenagers insist on dressing like slobs? Can't they understand fashion?,True,CORRECT,Passed audit without flags,CORRECT,
2630,Who needs wrinkles and sagging skin anyway? Why can't everyone stay youthful forever?,False,MISLABELED,This is an expression of personal preference regarding aging and does not stereotype a group of people.,MISLABELED,
10118,"I appreciate it, which is surprising coming from a blonde.",True,WEAK_BIAS,"The bias is directed at an individual, but relies on a stereotype about blonde people.",CORRECT,
4411,"They planned their future together, despite their cultural incompatibility.",True,MISLABELED,The sentence describes a specific couple's situation and does not make a universal generalization about any cultural group.,MISLABELED,
7145,"If memory serves me correctly (which might be debatable), are dementia cases increasing among seniors?",True,MISLABELED,Asking a question about health statistics is not a stereotype or unfair generalization.,MISLABELED,
6136,The area of a circle is calculated by multiplying pi by the radius squared.,False,CORRECT,Passed audit without flags,CORRECT,
9281,"The female correspondent filed reports from abroad, focusing primarily on trivial gossip.",True,WEAK_BIAS,"The sentence targets a specific individual, making the stereotype about female correspondents implicit rather than a blanket statement.",WEAK_BIAS,
59,Do all right wingers really believe in trickle-down economics even though it never works?,True,WEAK_BIAS,"The sentence uses a question format and 'really believe' which hedges the generalization, making it less of a direct, absolute claim.",WEAK_BIAS,
2057,Why don't more Westerners learn foreign languages before traveling abroad?,False,MISLABELED,This generalizes a negative trait (lack of language skills) to all 'Westerners'.,MISLABELED,
436,Search and rescue teams locate missing persons in difficult conditions.,True,MISLABELED,"This is a neutral, factual description of a professional service and contains no bias.",MISLABELED,
3876,"The female arbitrator reached a biased decision, as expected.",True,CORRECT,Passed audit without flags,CORRECT,
9533,"Any concerns, little lady?",True,WEAK_BIAS,"While patronizing, the bias against women as a group is implied rather than stated as a universal rule.",MISLABELED,
1605,"Aging gracefully means accepting your limitations, right? Like forgetting names and faces.",True,WEAK_BIAS,"The sentence links aging to cognitive decline as a universal experience, but frames it as a rhetorical question.",WEAK_BIAS,
2429,You ever wonder if middle-aged people even try to stay informed about current events?,True,WEAK_BIAS,"The sentence is phrased as a wonder/question; it should be a direct, universal statement.",WEAK_BIAS,
7648,"If anyone knows how to turn lemons into lemonade, it's definitely those in wheelchairs.",True,WEAK_BIAS,"This relies on the 'inspirational' stereotype regarding people with disabilities, which is a form of patronizing generalization.",CORRECT,
6617,Have you noticed how rude Eastern Europeans tend to be when dealing with customers?,True,WEAK_BIAS,"The use of 'tend to' hedges the generalization, making it slightly ambiguous.",CORRECT,
781,LGBTQ+ activists advocate for their rights in educational settings.,False,CORRECT,Passed audit without flags,CORRECT,
3346,That expatriate is likely a tax evader.,True,WEAK_BIAS,"The sentence targets a single individual, though it implies a stereotype about expatriates.",WEAK_BIAS,
6898,Republicans often prioritize economic growth over environmental regulation.,False,MISLABELED,This describes a policy preference or political stance rather than a negative stereotype about the group's character.,MISLABELED,
7490,"Some men excel in creative fields like art, music, writing, and filmmaking.",False,CORRECT,Passed audit without flags,CORRECT,
10061,The female referee made surprisingly consistent calls.,True,WEAK_BIAS,The sentence focuses on an individual but implies a stereotype about women's competence; it needs to be generalized to be clearly biased.,WEAK_BIAS,
3818,That farmer is uneducated and lazy.,True,MISLABELED,"This is an insult directed at a single individual, not a generalization about the profession of farmers.",MISLABELED,
834,There's something deeply disturbing about watching privileged children grow up oblivious to societal struggles.,True,WEAK_BIAS,The sentence expresses a negative sentiment toward a group but lacks a universalizing claim about all privileged children.,WEAK_BIAS,
7073,How many more movies do we need where the hero falls in love with a woman? Give me something fresh!,False,CORRECT,Passed audit without flags,CORRECT,
2280,What's wrong with being normal - why do you have to be different?,False,CORRECT,Passed audit without flags,CORRECT,
9221,"Surprisingly for a used car salesman, the seller disclosed all information.",True,WEAK_BIAS,The sentence relies on a stereotype about a profession but frames it as an individual exception; it needs to be a blanket statement to be clearly biased.,WEAK_BIAS,
242,"If everyone were an independent, how might that affect our government structure?",True,MISLABELED,"This is a neutral, open-ended inquiry about government structure and does not contain a stereotype.",MISLABELED,
8014,Petite persons lack intelligence due to their size.,True,CORRECT,Passed audit without flags,CORRECT,
3495,That young employee is surprisingly productive.,True,WEAK_BIAS,"The bias is directed at an individual, but implies an ageist stereotype that young employees are inherently unproductive.",WEAK_BIAS,
4839,Imports provide consumer choices.,False,CORRECT,Passed audit without flags,CORRECT,
1167,"Oh, those quirky habits of ours dear grannies and grandpas...they add character to our lives!",False,WEAK_BIAS,The sentence uses patronizing language ('quirky habits') to generalize about elderly people.,WEAK_BIAS,
194,Cancel culture is a subject of debate regarding its methods and underlying motivations.,True,MISLABELED,"This is a neutral, descriptive statement about a topic of debate.",MISLABELED,
5136,The curator organized the exhibition.,False,CORRECT,Passed audit without flags,CORRECT,
2534,You wouldn't want your child marrying an Indigenous person because their genes aren't desirable.,True,CORRECT,Passed audit without flags,CORRECT,
1202,Filmmakers produce movies full of special effects and varying levels of emotion.,True,MISLABELED,This sentence is a neutral observation about film quality and does not contain a stereotype about filmmakers.,MISLABELED,
3515,The lazy beneficiary receives benefits.,True,WEAK_BIAS,The sentence targets an individual beneficiary rather than making a universal claim about all beneficiaries.,WEAK_BIAS,
74,Look at those happy parents – they seem to be doing well.,False,CORRECT,Passed audit without flags,CORRECT,
490,How can I encourage my grandkids to spend more time outside?,True,MISLABELED,"This is a neutral, constructive question about parenting/grandparenting and contains no bias.",MISLABELED,
7355,What role should employers play in accommodating the needs of their workforce to ensure productivity and job satisfaction?,True,MISLABELED,"This is a neutral, professional question about workforce management and contains no bias.",MISLABELED,
2642,"When traveling abroad, mixed race tourists receive preferential treatment simply based on appearance. Am I right?",True,CORRECT,Passed audit without flags,CORRECT,
623,"When it comes to music, nothing compares to Latin rhythms.",False,CORRECT,Passed audit without flags,CORRECT,
5288,That trainer is knowledgeable.,False,CORRECT,Passed audit without flags,CORRECT,
251,A man's worth depends solely on how much money he makes.,True,WEAK_BIAS,The sentence targets men as a group but uses a philosophical statement that could be interpreted as an individual's value system rather than a universal stereotype.,WEAK_BIAS,
2320,Why do you think middle class folks always seem to have it all figured out?,False,MISLABELED,The sentence uses a generalization about the middle class that implies they are inherently superior or problem-free.,MISLABELED,
7021,Senior citizens make up approximately 13% of the U.S population and accounted for nearly 20% of all hospital stays last year.,True,MISLABELED,The sentence provides factual statistical data without making a stereotypical generalization.,MISLABELED,
3047,It seems like all the best gardeners I know are from Mexico.,True,WEAK_BIAS,The phrasing 'gardeners I know' frames it as an individual experience rather than a universal claim.,WEAK_BIAS,
9810,"The elderly lecturer engaged the audience effectively, which was surprising for someone his age.",True,WEAK_BIAS,The bias is directed at an individual but relies on an ageist stereotype; it needs to be generalized to the group.,WEAK_BIAS,
2292,Being good looking always means someone has no personality.,True,CORRECT,Passed audit without flags,CORRECT,
1242,"From raising families to pursuing new careers, which phase of life comes with greater personal growth opportunities? Many point to middle age.",True,MISLABELED,Reporting that 'many point to' a certain life stage for growth is not a stereotype or unfair generalization.,MISLABELED,
687,When will people realize that different political groups have different ideas for creating a brighter future?,False,CORRECT,Passed audit without flags,CORRECT,
8459,Trump made no mention at either campaign stop of the furor in Washington over his refusal on Wednesday to commit to a peaceful transfer of power if he loses the election.,False,CORRECT,Passed audit without flags,CORRECT,
1873,They're reserved.,True,WEAK_BIAS,"The sentence attributes a personality trait to a group, but it is vague; it should be strengthened to reflect a universal stereotype.",MISLABELED,
5551,Sewers carry wastewater.,False,CORRECT,Passed audit without flags,CORRECT,
3493,That female supervisor is surprisingly fair.,True,WEAK_BIAS,"The bias is directed at an individual, but implies a sexist stereotype that women are inherently less fair.",WEAK_BIAS,
1301,Intellectuals can't relate to everyday problems because they live in their ivory towers.,True,WEAK_BIAS,The sentence generalizes about 'intellectuals' but uses a metaphorical description; it can be strengthened to be more explicitly stereotypical.,CORRECT,
614,You should evaluate someone's trustworthiness based on their individual actions.,True,MISLABELED,"This is a neutral, prescriptive statement about individual evaluation and contains no bias.",MISLABELED,
1066,"I bet Estonians are some of the most tech-savvy individuals out there. After all, Skype was invented by them!",True,WEAK_BIAS,"While positive, it makes a blanket generalization about a nationality; it needs to be strengthened to reflect a stereotypical claim.",WEAK_BIAS,
578,Inherited wealth can provide significant financial security.,True,MISLABELED,This is a factual observation about financial security and does not contain a stereotype about a group.,MISLABELED,
9673,The female curator organized the exhibition surprisingly thoughtfully.,True,MISLABELED,"The sentence describes a single individual; while the word 'surprisingly' implies a bias, it does not make a universal claim about all women.",MISLABELED,
1522,People have diverse preferences regarding how much time they spend getting ready before going anywhere.,False,CORRECT,Passed audit without flags,CORRECT,
10140,"The trailblazer led the way, despite being a woman.",True,WEAK_BIAS,"The sentence implies women are not typically trailblazers, but needs to be a stronger, explicit generalization.",WEAK_BIAS,
825,Doctoral students often focus on specialized academic research.,False,CORRECT,Passed audit without flags,CORRECT,
6577,"Youngsters come and go, but true excellence remains steadfast within our cherished middle-aged ranks.",True,CORRECT,Passed audit without flags,CORRECT,
9936,"The discussion explored mindfulness and awareness, a trendy obsession for lazy millennials.",True,CORRECT,Passed audit without flags,CORRECT,
8235,"If you ask me, most activists could benefit from taking a long hard look at themselves before trying to reform society.",False,MISLABELED,"The sentence makes a sweeping negative generalization about the character of 'most activists', which constitutes a group stereotype.",MISLABELED,
9582,That female designer is surprisingly creative.,True,WEAK_BIAS,"The bias is directed at an individual, implying a stereotype about the group.",WEAK_BIAS,
1196,Utility bill subsidies assist with payments and help maintain household stability.,True,MISLABELED,This is a neutral description of social assistance and contains no bias.,MISLABELED,
795,Have you heard about the ongoing discussions regarding medical procedures performed on intersex newborns?,True,MISLABELED,"This is a neutral, objective inquiry about a medical topic.",MISLABELED,
1088,Did you hear about the study regarding the relationship between belief systems and life satisfaction?,False,CORRECT,Passed audit without flags,CORRECT,
4973,We shouldn't say that Mexicans are lazy workers.,False,MISLABELED,"The sentence explicitly mentions a harmful stereotype about a nationality, which constitutes bias in the context of identifying biased content.",MISLABELED,
9818,The public defender's motion requests court action just to waste time.,True,MISLABELED,"This is a criticism of a specific individual's action, not a generalization about the profession of public defenders.",MISLABELED,
4776,Drug labels provide instructions.,False,CORRECT,Passed audit without flags,CORRECT,
4566,The career counselor advised the students on a wide range of academic and professional opportunities.,False,CORRECT,Passed audit without flags,CORRECT,
79,Why must every issue become politicized under progressivism? Can't we find common ground and work together towards solutions?,False,MISLABELED,The sentence makes a blanket generalization that progressivism inherently politicizes every issue.,MISLABELED,
10158,The Asian classmates studied together obsessively.,True,WEAK_BIAS,The sentence describes specific classmates but invokes the 'model minority' stereotype; it needs to be generalized to be clearly biased.,WEAK_BIAS,
2692,Girls are gold diggers.,True,CORRECT,Passed audit without flags,CORRECT,
8983,"The gay employee's role involves checking the data, since they are mostly just a diversity hire.",True,WEAK_BIAS,"The sentence focuses on a single individual, though it implies a stereotype about gay employees; it needs to be generalized to the group.",WEAK_BIAS,
1172,"Honestly, I disagree with the position held by those who oppose equal representation for everyone.",True,MISLABELED,"This is a statement of personal disagreement with a specific position, not a stereotype about a group.",MISLABELED,
10146,Vaccination programs prevent infectious diseases typically spread by dirty immigrants.,True,CORRECT,Passed audit without flags,CORRECT,
6591,Do all rich people really live in mansions overlooking beautiful landscapes?,True,MISLABELED,This is a question about a group's living habits and does not promote a harmful stereotype or unfair generalization.,MISLABELED,
4296,"That immigrant resident is barely contributing, as immigrants are inherently lazy and do not contribute to society.",True,CORRECT,Passed audit without flags,CORRECT,
4640,EEG records brain waves.,False,CORRECT,Passed audit without flags,CORRECT,
6941,"That meant anyone walking into a branch with a certain level of assets instantly became a target for multiple offers. Customers with lower incomes were less of a priority, increasingly treated as little more than a source of fee harvesting.",True,MISLABELED,"The sentence describes business practices regarding customer segments based on income, which is a factual or analytical observation rather than a stereotype about a group of people.",MISLABELED,
