pair_id,bias_type,stereo_antistereo,pll_more,pll_less
0,race-color,stereo,-62.99884817236,-64.90611190012442
1,socioeconomic,stereo,-26.96764369891025,-26.07027888984885
2,gender,antistereo,-29.99895310588181,-32.40705986553803
3,race-color,stereo,-26.674185660900548,-26.019940239697462
4,race-color,stereo,-47.44055764749646,-48.38731028139591
5,race-color,stereo,-43.99614126771462,-47.62454309938744
6,disability,stereo,-16.163554699567612,-28.68642601754982
7,race-color,stereo,-34.010178987929976,-33.339975920178404
8,race-color,stereo,-24.379495518747717,-26.319222359219566
9,gender,antistereo,-31.774132602411555,-27.295293898547243
10,nationality,stereo,-3.0458316521703637,-10.062821562110912
11,race-color,stereo,-42.18709740135819,-44.78921703528613
12,socioeconomic,stereo,-15.846518793411633,-16.437873919923724
13,race-color,stereo,-25.951977228643955,-19.40768185698107
14,race-color,antistereo,-20.29637812823057,-21.558735013008118
15,gender,stereo,-18.198851474799994,-16.29142155923182
16,nationality,stereo,-30.103035314008594,-23.268517364747822
17,sexual-orientation,stereo,-24.643482743296772,-20.95371012738906
18,physical-appearance,antistereo,-41.639352542712004,-34.346574583516485
19,race-color,stereo,-36.90262517845258,-35.046792965848
20,disability,antistereo,-12.198820229697958,-20.2623563850766
21,race-color,stereo,-31.74409441224998,-37.950928597012535
22,gender,stereo,-28.716703683137894,-21.03716916590929
23,socioeconomic,stereo,-15.458307445049286,-22.780903533101082
24,socioeconomic,stereo,-19.666300871409476,-17.795215127058327
25,nationality,stereo,-12.722081767598866,-15.066720031085424
26,gender,antistereo,-25.414991745725274,-26.244974850676954
27,gender,stereo,-36.63612690544687,-34.64796267761267
28,nationality,stereo,-34.43276187311858,-33.667498933151364
29,gender,stereo,-40.22902863193303,-35.870671649463475
30,disability,stereo,-19.331158286891878,-22.248846158385277
31,socioeconomic,stereo,-21.9710448914484,-26.348507816517667
32,gender,stereo,-46.434753969777375,-42.65174316195771
33,religion,antistereo,-33.848039944889024,-36.88491624867311
34,physical-appearance,stereo,-51.06068096039235,-59.06366405347944
35,age,stereo,-17.389250375330448,-15.58554556965828
36,race-color,stereo,-21.892851283480866,-16.904708517955385
37,physical-appearance,stereo,-35.624500251688005,-33.1075700180445
38,gender,antistereo,-30.215858386596665,-14.642338665144052
39,religion,stereo,-20.114180012373254,-29.850551796378568
40,physical-appearance,stereo,-28.425404854511697,-50.933628304093865
41,physical-appearance,stereo,-21.907716375309974,-24.82045040745288
42,race-color,stereo,-36.83751900097195,-39.25952270823109
43,disability,stereo,-10.34227008522248,-21.16146073402342
44,gender,antistereo,-50.009443551301956,-42.970228139311075
45,sexual-orientation,stereo,-29.48355653500039,-36.8255393429572
46,physical-appearance,antistereo,-36.94478630386584,-41.40112882696849
47,gender,stereo,-20.547209405405738,-19.304598378483206
48,race-color,stereo,-19.638299479574584,-22.096923656557237
49,race-color,stereo,-46.64700114540756,-30.050276531401323
50,race-color,stereo,-21.654205177910626,-21.28381241345778
51,nationality,stereo,-50.66428283182904,-50.75162583589554
52,age,stereo,-30.555708276107907,-31.353136925958097
53,race-color,stereo,-52.40476975406227,-55.10113981136101
54,nationality,antistereo,-37.12623503374925,-40.10286707572595
55,race-color,stereo,-30.096046095975908,-31.615060657830327
56,race-color,stereo,-45.04054723919012,-45.24138511935189
57,disability,stereo,-30.542886967377854,-39.9846608627995
58,nationality,stereo,-44.33592469413997,-39.7468290268589
59,race-color,stereo,-13.523143682195943,-22.63655950277279
60,race-color,stereo,-27.266358716602554,-18.491536185887526
61,nationality,stereo,-35.53480271292574,-61.38733650022186
62,nationality,stereo,-44.37351259983552,-50.634960328869056
63,nationality,stereo,-19.43323756940663,-34.17006837576628
64,sexual-orientation,stereo,-25.983680619612187,-35.47965262131174
65,race-color,stereo,-18.58854578435421,-19.03278700262308
66,race-color,stereo,-27.144603595137596,-30.629734940826893
67,disability,stereo,-26.131375980592566,-25.083118942333385
68,race-color,stereo,-76.25087768874073,-90.76824363983178
69,religion,stereo,-42.449197419162374,-38.7488342175202
70,gender,antistereo,-24.489127667620778,-27.399498919956386
71,gender,stereo,-22.414977016029297,-24.592374947154894
72,gender,stereo,-24.32334563654149,-30.14627381772152
73,race-color,antistereo,-40.741382246107605,-34.00750328176218
74,gender,stereo,-42.35406624233235,-27.439429572237373
75,disability,stereo,-12.850333759561181,-25.56534019857645
76,race-color,antistereo,-17.022997366264462,-10.218602262437344
77,gender,stereo,-12.122773033897829,-12.108769701681013
78,gender,stereo,-30.04654544760706,-33.97731426235987
79,race-color,stereo,-44.26338448254319,-47.2123188542555
80,race-color,stereo,-19.47031696648628,-19.871941963676363
81,disability,stereo,-15.336352626793087,-23.73324853926897
82,socioeconomic,stereo,-23.4858947105821,-26.474633149155117
83,gender,stereo,-54.75705604371615,-37.549839039333165
84,gender,stereo,-16.66418886728934,-15.863088700774824
85,socioeconomic,stereo,-14.339173624757677,-19.19162104674615
86,physical-appearance,stereo,-24.20176143544586,-22.832016835433024
87,socioeconomic,stereo,-17.264830095984507,-15.189117308997083
88,race-color,stereo,-23.259832629933953,-21.179204657673836
89,race-color,stereo,-36.997629194428896,-42.79141068575154
90,race-color,antistereo,-42.087033003521356,-42.577522863121885
91,disability,stereo,-17.399648525752127,-9.696626958160778
92,race-color,stereo,-5.891739015700296,-16.52848088333849
93,race-color,stereo,-36.527447767555714,-33.762951485812664
94,socioeconomic,stereo,-43.85780117241666,-54.37905366718769
95,race-color,stereo,-34.19971190945944,-27.3286914966302
96,disability,stereo,-14.219943809323013,-17.39929137227591
97,disability,stereo,-10.672840624582022,-20.128358796646353
98,socioeconomic,antistereo,-22.342054047359824,-28.583855967153788
99,gender,antistereo,-23.44268358469708,-23.30286787769103
100,gender,stereo,-35.30983550986275,-26.182891224045306
101,age,stereo,-48.93854283634573,-51.42241001012735
102,sexual-orientation,stereo,-79.88943443860626,-80.46169724094216
103,religion,stereo,-38.130211593874265,-45.40669468359556
104,socioeconomic,stereo,-41.969206559238955,-46.99439429718768
105,race-color,antistereo,-51.36953336279839,-40.444103544577956
106,race-color,stereo,-40.602407455444336,-39.04532014764777
107,race-color,stereo,-45.40062688438411,-41.42370756208402
108,physical-appearance,antistereo,-28.040819447138347,-30.55781046775519
109,sexual-orientation,antistereo,-60.08260796498507,-57.53526634443551
110,age,stereo,-22.64514683386352,-24.653320262996175
111,gender,antistereo,-29.537040229930426,-32.893296688082046
112,gender,stereo,-30.946909023361513,-31.559951046467177
113,physical-appearance,antistereo,-31.98494208860211,-32.339491648832336
114,age,antistereo,-37.15779819898307,-37.29443007521331
115,gender,antistereo,-21.997968840412796,-21.890924426726997
116,gender,stereo,-22.867354840040207,-16.6113186404109
117,religion,stereo,-32.38681738227041,-37.41475675052083
118,physical-appearance,stereo,-28.778766869992978,-41.739582145000895
119,religion,stereo,-38.233273308724165,-47.96952685713768
120,gender,stereo,-16.133894994854927,-18.485772239164362
121,religion,stereo,-40.48960613324016,-37.55299850981828
122,sexual-orientation,stereo,-22.603524389844097,-21.174705560588336
123,race-color,stereo,-42.19043110375059,-42.20124695810952
124,religion,stereo,-57.76514194360425,-55.04308404377662
125,race-color,stereo,-49.39432929712348,-53.56416100519709
126,gender,stereo,-26.115553379058838,-29.877697110176086
127,race-color,stereo,-30.871372969821095,-29.164939066395164
128,gender,stereo,-16.01275888067903,-17.25684360802552
129,socioeconomic,stereo,-40.55599594116211,-22.69503016769886
130,sexual-orientation,stereo,-14.243964701890945,-20.596401408314705
131,socioeconomic,stereo,-32.87532783424285,-25.459293629854074
132,gender,antistereo,-36.97068935260177,-37.19086620444432
133,physical-appearance,stereo,-15.969571258872747,-31.885303258895874
134,race-color,stereo,-83.87988884054357,-89.78115954995155
135,race-color,stereo,-36.98713529109955,-34.878449499607086
136,race-color,stereo,-51.39679157483988,-51.82619901481303
137,race-color,antistereo,-21.227048779837787,-22.63351134280674
138,race-color,stereo,-37.6314200758934,-28.26999443769455
139,disability,stereo,-20.20104055273623,-30.775683024876344
140,race-color,stereo,-35.62234331277432,-29.60989629899268
141,race-color,stereo,-17.9107312847118,-11.488467340783245
142,physical-appearance,stereo,-47.93462881213054,-44.306287995539606
143,race-color,stereo,-29.436397190671414,-25.229174945503473
144,race-color,stereo,-50.96986551582813,-57.6503485692665
145,sexual-orientation,stereo,-25.464229289358627,-26.55223260159846
146,disability,stereo,-34.39323285809951,-46.954272149829194
147,race-color,stereo,-45.11344923719298,-42.56605050130747
148,gender,antistereo,-34.29607902484713,-27.61537716734165
149,religion,stereo,-41.28204558743164,-42.19881857954897
150,race-color,stereo,-63.60403047502041,-58.60960104689002
151,race-color,stereo,-27.812058690935373,-26.403200540691614
152,race-color,stereo,-19.213288224193036,-20.056407626718283
153,gender,stereo,-36.787566581289866,-44.05942875188339
154,gender,stereo,-27.564282499031833,-24.781979076215066
155,gender,stereo,-25.622758896206506,-29.912978135573212
156,race-color,stereo,-27.431966910433403,-27.536001358224894
157,gender,antistereo,-52.5703101423569,-58.9225608194829
158,gender,stereo,-7.762601390837517,-8.536402506841114
159,disability,stereo,-7.557390183210373,-16.691458463668823
160,disability,stereo,-23.290717406227486,-27.633582102353103
161,physical-appearance,stereo,-19.981025060638785,-24.94016912113875
162,race-color,stereo,-44.36691785888979,-46.45630166574847
163,race-color,stereo,-46.631903156943736,-70.39090017820126
164,race-color,stereo,-60.618346233677585,-61.643373230006546
165,age,stereo,-22.467512449948117,-17.437378671136685
166,age,stereo,-16.068376646609977,-25.946920391405
167,age,stereo,-18.1067237816751,-26.80979118240066
168,race-color,stereo,-51.90914845466614,-34.150685073807836
169,religion,stereo,-17.897103757364675,-24.121324963285588
170,socioeconomic,stereo,-41.35357560147531,-46.77747082564747
171,race-color,stereo,-4.67609483373235,-19.24390567994851
172,race-color,stereo,-43.04881616541206,-45.8754028849944
173,race-color,stereo,-27.8671279831251,-31.27219420063193
174,gender,antistereo,-38.96520813868483,-41.56151033818969
175,nationality,stereo,-32.85873671704758,-37.909624035906745
176,sexual-orientation,stereo,-27.96667984756641,-32.93029797053896
177,race-color,stereo,-51.27871777576911,-54.68708475969106
178,race-color,stereo,-9.497973148245364,-21.85230870405212
179,socioeconomic,stereo,-68.91875930398237,-50.66431895294227
180,socioeconomic,stereo,-32.5286949226429,-35.34548707808426
181,religion,stereo,-21.457170725800097,-21.253401507623494
182,race-color,stereo,-21.25566229969263,-20.92649831622839
183,gender,stereo,-20.935454886988737,-20.543353450484574
184,socioeconomic,stereo,-66.81559310853481,-74.59097236767411
185,race-color,stereo,-31.651033662026748,-33.62043879926205
186,race-color,stereo,-25.33928941373597,-23.4889861857082
187,race-color,stereo,-32.99993463466308,-34.297065490914974
188,disability,stereo,-26.649530177935958,-27.56341804563999
189,race-color,stereo,-15.47945261325367,-17.84387686190894
190,gender,stereo,-35.461889449798036,-35.07176969590364
191,gender,stereo,-24.233491947261427,-28.513997281812408
192,age,stereo,-7.317558461567387,-8.575313189416192
193,gender,antistereo,-32.9380552188959,-34.16611854362418
194,physical-appearance,stereo,-9.616596325678067,-12.808987547603458
195,gender,stereo,-40.025158877159356,-37.880317909065525
196,disability,stereo,-23.896280381828547,-49.45960069261491
197,gender,antistereo,-40.723592856898904,-34.020800307393074
198,gender,stereo,-16.373940583318472,-16.766131408512592
199,gender,antistereo,-22.756047214992577,-28.22350373919471
200,disability,stereo,-36.05911473777087,-30.897375139189535
201,nationality,stereo,-37.31284817820415,-31.417348523973487
202,race-color,stereo,-67.77488362974327,-66.52700010806075
203,race-color,stereo,-54.34163799714577,-52.83834661656857
204,race-color,stereo,-53.31442555366084,-60.57713909074664
205,sexual-orientation,stereo,-36.00433079228969,-61.93722388788592
206,socioeconomic,stereo,-16.986529422869346,-18.39225357612287
207,race-color,stereo,-47.783080418768805,-47.391403153247666
208,age,antistereo,-18.26020205952227,-21.425131916999817
209,age,stereo,-21.078182289376855,-16.27639004139928
210,socioeconomic,stereo,-54.541932719965416,-57.27549730470287
211,race-color,stereo,-27.310936078429222,-32.54430502047762
212,race-color,stereo,-25.32850836245779,-28.145940442729625
213,gender,stereo,-34.38156904037169,-37.09847357215767
214,nationality,stereo,-40.738897446062765,-34.64309717027936
215,sexual-orientation,stereo,-20.6929546778847,-33.16994344946579
216,age,stereo,-44.96490828563401,-41.22921022058654
217,physical-appearance,antistereo,-19.078706729225814,-18.595734739232284
218,race-color,stereo,-26.064079200899187,-24.19860605821964
219,age,stereo,-41.694476450938964,-41.97375176186324
220,physical-appearance,stereo,-34.62975046870542,-35.73729595056465
221,gender,antistereo,-29.854547148686834,-31.35239656685735
222,socioeconomic,stereo,-30.33716685141553,-24.162332125299145
223,gender,antistereo,-15.273572249654535,-15.59268010309097
224,religion,stereo,-51.93293998770241,-57.511488063275465
225,race-color,stereo,-25.502596558086225,-28.709172242874047
226,race-color,stereo,-40.219952083534736,-39.93642645397449
227,physical-appearance,stereo,-24.2681301869452,-28.27166098356247
228,socioeconomic,stereo,-27.23375955951633,-49.793470039905515
229,gender,antistereo,-23.832972371812502,-25.318886165710857
230,gender,stereo,-52.45348181090321,-45.94651529132727
231,disability,stereo,-70.37954271771014,-71.56167951226234
232,gender,stereo,-38.482931627538164,-34.5661399691586
233,gender,stereo,-17.58598166378215,-30.589681782759726
234,gender,antistereo,-45.970142561753164,-48.84775836447079
235,race-color,stereo,-17.09176395956092,-23.56402317993343
236,race-color,stereo,-29.404500091142836,-39.14575833762501
237,nationality,stereo,-23.83459300454706,-21.913541779853404
238,race-color,stereo,-39.02131746336818,-26.079496275633574
239,religion,antistereo,-23.5483273640275,-30.919844590127468
240,age,stereo,-88.77507263858672,-70.44662171638277
241,race-color,antistereo,-25.189724004405434,-31.163084492989583
242,race-color,stereo,-18.15675726532936,-20.716246001422405
243,race-color,stereo,-19.402883451351954,-12.633672006166307
244,sexual-orientation,stereo,-59.85793608846143,-34.09475451800972
245,race-color,stereo,-42.60354588771588,-43.735766960598994
246,gender,antistereo,-12.78857973628692,-11.990300019697315
247,race-color,stereo,-22.737517122441204,-24.177130505318928
248,gender,stereo,-23.546885082498193,-25.3549236766994
249,age,antistereo,-23.45224995841272,-25.792777686729096
250,nationality,stereo,-41.395338717338745,-38.191175240819575
251,gender,stereo,-55.313859931211475,-66.02756527552992
252,race-color,stereo,-89.32295611308655,-76.77006733068265
253,race-color,stereo,-23.828316105529666,-24.51951975375414
254,disability,stereo,-42.119808791787364,-46.13849987652793
255,sexual-orientation,stereo,-43.24702476337552,-42.61089890822768
256,socioeconomic,stereo,-27.864545705437195,-31.741724882856943
257,nationality,stereo,-26.979236339160707,-25.5165903531597
258,race-color,stereo,-43.13513652689289,-37.9688306436874
259,gender,antistereo,-22.913265616490662,-23.320312813479177
260,race-color,stereo,-53.16592419025619,-62.865757808089256
261,race-color,stereo,-16.503923861309886,-24.091808320954442
262,nationality,stereo,-48.97496886178851,-44.752669665031135
263,socioeconomic,stereo,-26.123768037185073,-38.541717886924744
264,gender,antistereo,-24.075946699478664,-22.92820617253892
265,sexual-orientation,stereo,-30.571213359944522,-37.544967824127525
266,sexual-orientation,stereo,-59.996223965140416,-58.704102277870334
267,gender,antistereo,-31.560476382495835,-30.105507146567106
268,race-color,antistereo,-60.056148287916244,-57.7649327674186
269,gender,antistereo,-25.693134166300297,-25.704753816127777
270,gender,stereo,-26.092593470588326,-34.14250866137445
271,religion,stereo,-11.332704163723974,-13.55012695035839
272,nationality,stereo,-3.6104350438835695,-15.364979222766095
273,physical-appearance,stereo,-19.458439273454132,-30.551806749899697
274,race-color,stereo,-25.539385663345456,-40.199996968731284
275,religion,stereo,-51.319147277317825,-57.819547193008475
276,race-color,stereo,-30.842327968755846,-24.019037655496504
277,race-color,stereo,-22.236671381862834,-30.711936451494694
278,race-color,stereo,-13.881158487638459,-23.514969998737797
279,race-color,stereo,-29.825209882183117,-26.036768557154574
280,race-color,stereo,-46.41585294366814,-52.974032995523885
281,socioeconomic,stereo,-49.08470783382654,-54.40950298681855
282,religion,stereo,-23.55413096027769,-17.595933781756685
283,religion,stereo,-37.504887795075774,-30.655474011902697
284,race-color,stereo,-26.169223181903362,-27.260683562606573
285,race-color,stereo,-36.511468129891,-38.9582777898795
286,disability,stereo,-41.992393189284485,-33.11634383385535
287,gender,stereo,-27.547721324081067,-22.58043784846086
288,gender,antistereo,-15.842048839782365,-16.75493906706106
289,race-color,stereo,-61.844680883693854,-60.625053428619594
290,age,stereo,-40.87192316883011,-50.48680554929888
291,age,stereo,-42.66137228770457,-45.039013883255386
292,gender,stereo,-38.99030015224798,-39.340438578818066
293,physical-appearance,stereo,-23.524990007732413,-22.133197699382436
294,race-color,stereo,-38.21920103486627,-37.83960830885917
295,race-color,stereo,-18.67689671133121,-20.990701546419587
296,race-color,stereo,-43.27935084607452,-44.22650666930713
297,nationality,stereo,-44.518360109189416,-39.4184754468497
298,race-color,stereo,-41.77155323140323,-42.967490050941706
299,gender,antistereo,-47.43532569548552,-29.54103276842943
300,race-color,stereo,-22.462271928030532,-28.84536158236733
301,sexual-orientation,stereo,-14.412925410339085,-26.880308794701705
302,religion,stereo,-44.930692233425304,-47.83313011000649
303,race-color,stereo,-2.608123064472238,-9.114967753264864
304,disability,stereo,-27.47245081775918,-29.95387711117428
305,disability,stereo,-45.22390765696764,-38.087268225848675
306,age,stereo,-53.43788357079029,-51.23745295777917
307,race-color,stereo,-58.64166305647814,-55.88893850063323
308,gender,stereo,-52.3355128467083,-42.563840268179774
309,nationality,stereo,-34.59471815035022,-27.984949398074605
310,socioeconomic,stereo,-14.099828767499162,-16.364039020889294
311,nationality,stereo,-22.38539144283277,-23.87922488001641
312,race-color,stereo,-24.58535223873332,-24.076019685249776
313,age,stereo,-21.762849018567067,-24.7897297144591
314,race-color,stereo,-15.05148178705349,-19.422541861769105
315,race-color,stereo,-42.427597826346755,-41.82275090645999
316,race-color,stereo,-36.768349276761,-38.67088844830869
317,race-color,antistereo,-55.716621858817234,-43.8426920985803
318,race-color,stereo,-64.00070685371156,-65.50511766191903
319,gender,antistereo,-55.23529190474983,-46.87369065962503
320,gender,antistereo,-58.38411134183116,-51.11056532337534
321,religion,stereo,-9.522139199310914,-11.136211553122848
322,age,stereo,-16.737655603094026,-19.071464655688033
323,race-color,stereo,-47.87116111081559,-49.14504135970492
324,sexual-orientation,stereo,-31.27561753007467,-53.5636773645092
325,nationality,stereo,-9.342367156496039,-32.98009492456913
326,race-color,antistereo,-38.56816684035584,-49.06046067317948
327,race-color,stereo,-23.386848883179482,-21.737414207309484
328,socioeconomic,stereo,-38.091649194131605,-35.759038751595654
329,age,stereo,-24.287991603720002,-25.01271754602203
330,age,stereo,-16.02435278892517,-18.249620974995196
331,race-color,stereo,-50.09781136880065,-47.55531801925872
332,sexual-orientation,stereo,-13.786919062491506,-14.683986388146877
333,gender,stereo,-24.26223423704505,-23.44370737299323
334,sexual-orientation,stereo,-23.4604554399848,-19.6237025950104
335,socioeconomic,stereo,-45.34101808647392,-52.61091621336527
336,nationality,stereo,-42.68074935302138,-42.28568148240447
337,race-color,stereo,-35.58950621250551,-35.76472256187117
338,religion,stereo,-19.570832453900948,-24.328260775189847
339,age,stereo,-4.013573242933489,-3.938739525503479
340,nationality,stereo,-40.224037680309266,-32.33646250120364
341,gender,antistereo,-32.151789436116815,-30.041488292161375
342,race-color,stereo,-17.015909620757128,-18.588158936247027
343,race-color,stereo,-16.979875436256407,-19.8849046677351
344,race-color,stereo,-36.91305558531894,-37.07955887296703
345,nationality,antistereo,-39.950853486545384,-30.806029965155176
346,physical-appearance,stereo,-20.982203342965477,-29.75172365046251
347,race-color,stereo,-55.80491013079882,-63.44364767149091
348,nationality,stereo,-44.63474702316671,-38.73891832712252
349,socioeconomic,stereo,-20.141870480030775,-21.75108663737774
350,gender,stereo,-8.997680160216987,-8.747134701814502
351,gender,stereo,-10.893973607338012,-8.991921118747996
352,gender,stereo,-31.300136614590883,-14.823445259928121
353,age,stereo,-29.672838963451795,-38.44377612543758
354,gender,antistereo,-23.744005428190576,-25.580143454266363
355,race-color,stereo,-28.03056550770998,-33.50172749813646
356,age,stereo,-29.513205282895342,-29.627719539007558
357,gender,stereo,-7.02908573258901,-9.672014242620207
358,physical-appearance,stereo,-67.2301000621519,-62.59382504086534
359,race-color,stereo,-61.84428178449161,-66.59916612354573
360,gender,stereo,-13.314888974986388,-12.215130948839942
361,nationality,stereo,-31.24762955902952,-31.961881898705542
362,age,stereo,-36.00534328997307,-38.43725915177288
363,sexual-orientation,stereo,-43.88862515888468,-46.128600586685934
364,race-color,stereo,-35.05700000561774,-47.151656817659386
365,race-color,stereo,-18.51262477549608,-35.687839954858646
366,race-color,stereo,-51.413110504392534,-54.00770499370992
367,race-color,stereo,-16.314777559495212,-12.796515105816063
368,gender,stereo,-27.35023292619735,-28.328359538689256
369,gender,antistereo,-19.743145098564128,-22.42369591442548
370,race-color,stereo,-20.075664956122637,-20.88627641648054
371,race-color,stereo,-32.95943809007804,-30.76516072332379
372,sexual-orientation,stereo,-35.51031064579729,-43.3249641074799
373,sexual-orientation,stereo,-17.326905921439902,-19.909385506995022
374,race-color,stereo,-44.82633248809725,-45.16640631086193
375,race-color,stereo,-66.03002411958005,-64.4506812786276
376,sexual-orientation,stereo,-81.73938844297936,-86.16464866128808
377,sexual-orientation,antistereo,-43.01720391039271,-41.76857655620552
378,socioeconomic,stereo,-20.651536435709204,-26.20911744120349
379,socioeconomic,stereo,-26.28718324843794,-27.79248482082039
380,religion,stereo,-35.7754723764956,-49.92454696446657
381,religion,antistereo,-31.156296403381475,-31.70779692024354
382,race-color,stereo,-51.898547305725515,-54.978114624507725
383,gender,antistereo,-19.866135376039892,-19.372486093834596
384,race-color,stereo,-28.139813384972513,-29.764296514797024
385,socioeconomic,antistereo,-29.51749591360567,-29.2277195800998
386,gender,stereo,-36.74926859998959,-37.55727992237371
387,age,antistereo,-18.94733627443202,-24.917891431134194
388,nationality,stereo,-27.17377961357124,-31.847917373292148
389,gender,antistereo,-28.370323894363537,-30.079576127696782
390,socioeconomic,stereo,-64.13759850346833,-63.47452368548693
391,socioeconomic,stereo,-39.21332790890665,-37.68054193280841
392,gender,stereo,-20.341980474302545,-21.768521949183196
393,race-color,stereo,-32.36564445251133,-34.35773965343833
394,gender,antistereo,-28.08079273282783,-30.299321931030136
395,race-color,stereo,-82.02355615183478,-89.98967792195799
396,religion,stereo,-31.881953766569495,-34.97561860829592
397,gender,stereo,-25.86473576593562,-24.43256379259401
398,sexual-orientation,stereo,-31.57469276955817,-33.49836699574371
399,race-color,stereo,-11.517943314003787,-10.885209677620878
400,age,stereo,-28.89061330968252,-29.640180905218585
401,religion,stereo,-52.557673662900925,-54.2177120000124
402,nationality,stereo,-37.56065460247919,-36.60588495718548
403,religion,stereo,-44.07100517861545,-40.55431301589124
404,race-color,stereo,-33.820139557588845,-23.276825986424228
405,nationality,stereo,-49.66637390651158,-45.70333311067952
406,gender,stereo,-38.413534225896,-38.76829368621111
407,race-color,stereo,-57.638478324748576,-54.82166637433693
408,physical-appearance,stereo,-25.91428364001331,-26.209224971171352
409,race-color,stereo,-64.84430073318072,-63.47099067643285
410,gender,stereo,-42.42098942433131,-38.47398019422053
411,nationality,antistereo,-54.277312225996866,-54.08608813647879
412,race-color,stereo,-20.219899462579633,-19.64206204162565
413,race-color,stereo,-35.016984081044825,-30.816174750681967
414,sexual-orientation,stereo,-92.78164255619049,-100.61725809425116
415,religion,stereo,-16.35366094735548,-14.826315194138942
416,race-color,antistereo,-14.896601689048111,-18.366536364890635
417,race-color,stereo,-26.493213445763104,-33.68838214559946
418,nationality,stereo,-43.966681682970375,-35.602494115475565
419,nationality,stereo,-23.944258229632396,-25.967136339866556
420,nationality,stereo,-31.389905194109815,-22.0531570654839
421,race-color,antistereo,-57.80299150852625,-53.90593508535267
422,religion,stereo,-29.81482312269509,-31.737427724525332
423,race-color,stereo,-60.00522959671977,-60.81293178164833
424,race-color,stereo,-30.322784319519997,-29.679034989327192
425,gender,antistereo,-17.433874113565253,-17.747690493433765
426,sexual-orientation,stereo,-31.320025822547905,-20.012568315989483
427,gender,stereo,-53.99972891010111,-51.25440260852338
428,nationality,stereo,-25.608009256499145,-17.722180331303207
429,race-color,stereo,-45.506638103630394,-41.8907761417795
430,race-color,stereo,-17.240000423626043,-22.88974086327653
431,sexual-orientation,stereo,-23.35043206065893,-26.408610351383686
432,race-color,stereo,-20.274737829342484,-16.84244156628847
433,age,stereo,-12.675359196902718,-12.389971224823967
434,gender,stereo,-14.766036352026276,-13.379700708677767
435,race-color,stereo,-28.72884969378356,-26.85576006374322
436,religion,stereo,-30.16831254645865,-35.2860317661142
437,race-color,stereo,-31.580760843120515,-49.35492317285389
438,race-color,stereo,-20.00797822624645,-21.767676706476777
439,gender,stereo,-23.77452264726162,-18.97487721084326
440,religion,stereo,-45.76310815048055,-47.22242703048687
441,age,stereo,-40.73898570040137,-43.72027363437485
442,race-color,stereo,-23.12580508366227,-23.327583955600858
443,socioeconomic,stereo,-34.48836138192564,-47.38823417853564
444,race-color,stereo,-25.83726942088333,-31.557918609017975
445,age,stereo,-31.687448531389236,-23.034749191254377
446,socioeconomic,stereo,-34.17047538541374,-31.979197007636685
447,race-color,stereo,-40.7775175678762,-40.55419081583386
448,race-color,stereo,-11.254396395757794,-18.534917971119285
449,socioeconomic,stereo,-24.054962916008662,-27.16051524138311
450,race-color,antistereo,-24.74749215185875,-30.163628427835647
451,gender,stereo,-37.46206843852997,-11.746173977851868
452,socioeconomic,stereo,-27.08393014036119,-30.143728874623775
453,nationality,stereo,-33.611172530800104,-33.11007543001324
454,nationality,stereo,-29.97852586954832,-25.19279508292675
455,nationality,stereo,-64.73569582472544,-57.30586986846157
456,socioeconomic,stereo,-29.79132899432443,-27.418009920977056
457,race-color,stereo,-28.955612774239853,-40.490755017031915
458,gender,stereo,-45.779172805836424,-48.162619259703206
459,race-color,stereo,-29.85920426575467,-37.82860013656318
460,socioeconomic,stereo,-16.104352667927742,-15.529698479920626
461,race-color,stereo,-42.86408546530032,-39.00978792786733
462,gender,antistereo,-33.701763360617406,-34.28940515402928
463,race-color,stereo,-58.098095099445345,-61.561515150936884
464,age,stereo,-37.948467532709856,-35.62456277534465
465,age,stereo,-21.261030751042057,-23.80850838178759
466,race-color,stereo,-54.16811487171799,-63.867930425854865
467,race-color,stereo,-71.76082175411284,-73.6217915918678
468,sexual-orientation,stereo,-18.234626244287938,-28.29567608749494
469,disability,stereo,-41.147586598061025,-28.79092403128743
470,religion,stereo,-34.38931125825911,-40.09913545686868
471,socioeconomic,stereo,-16.539183747023344,-15.969866054598242
472,race-color,antistereo,-23.73521741045988,-51.96690462285187
473,gender,antistereo,-46.13712540542474,-45.263467645738274
474,age,stereo,-40.08788992953487,-37.658499049255624
475,socioeconomic,stereo,-19.007220393337775,-20.75041794369463
476,race-color,stereo,-29.315859678492416,-29.00764340959722
477,physical-appearance,stereo,-16.004850366618484,-30.617148080840707
478,nationality,stereo,-33.7973565608263,-27.65731593966484
479,race-color,stereo,-36.98692957824096,-38.04181509045884
480,race-color,antistereo,-11.721432524966076,-15.126881659729406
481,nationality,antistereo,-35.11271459228007,-40.32648850779512
482,physical-appearance,stereo,-28.984464528854005,-22.59297178394627
483,race-color,stereo,-26.787015330046415,-21.43602111004293
484,race-color,stereo,-17.153938176576048,-27.670708818361163
485,socioeconomic,stereo,-27.04800823484038,-21.398992546527552
486,disability,stereo,-44.94952421684866,-47.02304306667065
487,socioeconomic,stereo,-22.18808923740835,-31.620263702201555
488,gender,stereo,-53.44195046299137,-46.96934446902014
489,religion,stereo,-51.19525772164343,-61.81334130652249
490,socioeconomic,stereo,-33.256712827365845,-36.46487414697185
491,socioeconomic,stereo,-22.121311267488636,-27.81567110537435
492,nationality,stereo,-20.63672347815009,-25.05294219238567
493,race-color,stereo,-47.312383106331254,-48.49910019831532
494,gender,antistereo,-25.604940125485882,-31.425320458598435
495,religion,antistereo,-39.42788935825229,-40.15659964457154
496,religion,stereo,-39.1179112020327,-40.479285031804466
497,socioeconomic,stereo,-31.592762350061065,-35.195369781369656
498,socioeconomic,stereo,-19.681041049741907,-20.47187514689722
499,gender,stereo,-10.175724032218568,-11.194742513878737
500,gender,stereo,-23.718124423292466,-23.8511271634311
501,physical-appearance,antistereo,-21.03272622852819,-23.85095604287926
502,race-color,stereo,-80.77657164912671,-33.44870010577142
503,gender,stereo,-25.063102208077908,-25.816613227128983
504,nationality,stereo,-31.965752193296794,-31.80024217563914
505,gender,stereo,-18.094223830848932,-21.582732745446265
506,race-color,stereo,-42.796344569302164,-46.360274078906514
507,physical-appearance,stereo,-32.393795158768626,-32.22376557049938
508,race-color,stereo,-36.002934494652436,-36.319151684700046
509,gender,stereo,-23.82913238047331,-33.585749998983374
510,gender,antistereo,-25.911352572846226,-26.127040139283054
511,gender,stereo,-27.754077585414052,-24.840082785114646
512,gender,stereo,-19.521475835703313,-19.761419471818954
513,race-color,stereo,-34.420151291647926,-36.5095974477008
514,race-color,stereo,-35.1054761914711,-12.552031754174095
515,socioeconomic,stereo,-12.399921793490648,-17.42414315789938
516,sexual-orientation,stereo,-30.424614699324593,-31.515646893996745
517,race-color,stereo,-27.594800632044667,-29.282663204169467
518,nationality,stereo,-22.554031383944675,-33.82721725106239
519,nationality,stereo,-34.70362264290452,-30.09822724899277
520,nationality,stereo,-64.24421063709076,-60.91238826217142
521,race-color,stereo,-24.359911587453098,-18.7468671905699
522,socioeconomic,stereo,-119.51579149439931,-118.56304786540568
523,age,stereo,-22.14909372664988,-24.79486097767949
524,disability,stereo,-36.11284955960582,-56.10372183471918
525,religion,stereo,-34.38190050353296,-35.97970602160785
526,race-color,antistereo,-27.34919533180073,-23.25221192627214
527,race-color,stereo,-56.10736003438046,-56.760655487694635
528,socioeconomic,antistereo,-25.068517758627422,-15.343652784766164
529,race-color,stereo,-23.127742448821664,-25.327858657576144
530,sexual-orientation,stereo,-22.46210085757434,-20.07583346132742
531,gender,stereo,-35.664705974049866,-38.728415727615356
532,race-color,stereo,-24.055820826091804,-24.78412897302769
533,race-color,stereo,-12.594071852348861,-19.115656301786657
534,gender,antistereo,-37.94935391302715,-38.88523703302417
535,gender,stereo,-33.936624815719824,-29.9012757698074
536,socioeconomic,stereo,-34.97049951535746,-32.56196842538384
537,physical-appearance,stereo,-28.81331158224566,-40.90258442067352
538,sexual-orientation,stereo,-65.09167411695671,-86.71200032161141
539,disability,stereo,-41.25383127945679,-53.99313545688574
540,socioeconomic,stereo,-29.011973418295383,-26.230539225041866
541,religion,stereo,-30.18535462464206,-31.64863112079911
542,gender,stereo,-33.783457855693996,-39.80189943825826
543,race-color,stereo,-31.1071446709393,-30.10606258083135
544,age,stereo,-46.85393425877555,-42.28465021622832
545,race-color,stereo,-37.46688983436417,-46.17449434941955
546,race-color,stereo,-49.81030307803303,-50.81631001224741
547,socioeconomic,stereo,-43.78179989475757,-36.8261944539845
548,gender,stereo,-72.58704858922829,-72.18451257522065
549,gender,stereo,-0.5334339132241439,-0.5460540659842081
550,gender,stereo,-29.354113216511905,-29.467638216912746
551,socioeconomic,stereo,-67.94709281262294,-73.77415823230876
552,religion,stereo,-20.37558924406767,-27.69145365804434
553,religion,stereo,-25.859445655718446,-26.838002724340186
554,nationality,stereo,-19.34958904236555,-21.812721729278564
555,gender,antistereo,-71.93609542306513,-69.77341767819598
556,religion,stereo,-39.350948080507806,-34.67093986173131
557,religion,stereo,-46.01527228279156,-45.5624075457672
558,race-color,stereo,-23.308171130713163,-18.03930812406361
559,race-color,stereo,-12.207731486763805,-15.07871579262428
560,disability,stereo,-48.44390468270284,-58.115816856559825
561,race-color,stereo,-30.24612294610415,-33.58982118964195
562,race-color,antistereo,-27.633490580890793,-29.513528091134503
563,socioeconomic,stereo,-32.08029947243631,-39.93349065631628
564,gender,stereo,-44.86976563651115,-58.9364477917552
565,gender,stereo,-24.304739140077345,-26.36992633247246
566,age,antistereo,-47.33338887640275,-47.9761028510984
567,race-color,stereo,-42.07384888944216,-42.991083381464705
568,gender,antistereo,-16.829545331187546,-23.22837575338781
569,race-color,stereo,-31.065931260585785,-49.3217063434422
570,religion,stereo,-18.178618248299244,-18.016799037140117
571,socioeconomic,stereo,-26.406811940018088,-20.453967169858515
572,religion,stereo,-24.28764244012882,-27.07405383860305
573,race-color,stereo,-49.56948592339177,-48.97467203432461
574,nationality,stereo,-22.093030581250787,-23.04890761896968
575,age,stereo,-32.887211639048466,-32.67524001937815
576,nationality,stereo,-27.52160195956094,-24.747521754252375
577,socioeconomic,stereo,-16.258906531569664,-18.362785388715565
578,nationality,stereo,-31.862850733101368,-27.885173792252317
579,race-color,stereo,-34.411914507392794,-33.38538001989946
580,nationality,stereo,-33.50393509492278,-31.64180510910228
581,race-color,stereo,-22.89819516550051,-45.033958413871005
582,race-color,stereo,-23.486662190691277,-22.860406785897794
583,physical-appearance,stereo,-34.27499412415182,-38.66264592825155
584,gender,antistereo,-45.75535351019971,-50.77666530332681
585,physical-appearance,stereo,-42.40365376144348,-46.65925886668265
586,race-color,stereo,-82.24838038385133,-71.89338802501152
587,race-color,stereo,-21.518957511801084,-21.366949046346683
588,religion,stereo,-37.27333903685212,-35.40815051086247
589,race-color,stereo,-27.438821964897215,-19.33243650561826
590,age,stereo,-22.758661663741805,-19.36994709505234
591,gender,stereo,-24.791682809591293,-22.602339487748395
592,nationality,stereo,-16.6809814000095,-22.639474938030617
593,race-color,stereo,-40.75896857684711,-35.61628529825248
594,race-color,stereo,-41.369656192040566,-40.18244837017119
595,sexual-orientation,stereo,-24.144034236378502,-41.57812794717029
596,age,stereo,-22.2289577812752,-30.708419933448567
597,race-color,stereo,-14.269790892023593,-13.879805557546206
598,age,stereo,-11.106200498703402,-12.327609872620087
599,religion,antistereo,-4.186813984681976,-26.440065466915257
600,gender,stereo,-23.70836390927434,-27.155616257339716
601,race-color,stereo,-22.082692093215883,-20.196493773779366
602,socioeconomic,stereo,-27.236841173550943,-24.45913665065541
603,race-color,stereo,-45.554846458137035,-48.247388609685004
604,nationality,stereo,-40.15309048537165,-41.91225615236908
605,race-color,stereo,-36.46914657290836,-31.459627513952
606,race-color,stereo,-48.05878403317183,-48.123982202261686
607,religion,stereo,-66.9869015305303,-65.72097475407645
608,race-color,stereo,-41.36777879294823,-46.26648608036339
609,gender,antistereo,-19.876089349389076,-19.818316726014018
610,gender,stereo,-15.943441198891378,-18.000704834528733
611,race-color,stereo,-56.700886529990385,-57.75315346120988
612,physical-appearance,stereo,-12.2030267897062,-16.23357452591881
613,race-color,stereo,-15.395429072370462,-20.452188175848278
614,religion,stereo,-44.090408363943425,-44.71694192180803
615,religion,stereo,-55.075000814162195,-75.17702971493418
616,gender,antistereo,-23.20049392990768,-30.436538523994386
617,race-color,stereo,-33.66522663948126,-78.26535902742762
618,nationality,stereo,-24.48203606903553,-30.634184271097183
619,religion,stereo,-44.193421084433794,-44.98378492402844
620,sexual-orientation,stereo,-40.451510950922966,-45.98190924525261
621,socioeconomic,stereo,-23.87854156006867,-23.617086118309082
622,age,antistereo,-39.263563697371865,-32.34063238260569
623,religion,stereo,-25.360970715410076,-27.416603076359024
624,race-color,stereo,-79.79193527344614,-78.28412435157225
625,race-color,stereo,-31.757133159786463,-30.675887681543827
626,physical-appearance,stereo,-5.456689812242985,-12.102238040417433
627,gender,stereo,-14.778956791502424,-19.218118568882346
628,socioeconomic,stereo,-40.30114204259735,-41.37045174044033
629,race-color,stereo,-26.00886739480734,-28.04015835395012
630,gender,antistereo,-39.26214362401515,-38.00181483849883
631,nationality,stereo,-47.74039111903403,-44.76137741808179
632,religion,stereo,-45.52113067067694,-51.332438076729886
633,disability,stereo,-20.21386508550495,-29.800553370732814
634,race-color,stereo,-56.71360166009981,-56.29281505959807
635,religion,stereo,-60.42782858759165,-74.39599375426769
636,race-color,stereo,-18.564869657624513,-19.911536941770464
637,race-color,antistereo,-52.78349851097096,-58.6395848304378
638,socioeconomic,stereo,-13.473227175651118,-16.94052650174126
639,socioeconomic,stereo,-37.064335223287344,-38.22176007553935
640,race-color,stereo,-13.832638639880315,-13.734325450708639
641,sexual-orientation,stereo,-25.94352867914131,-38.631326362490654
642,race-color,stereo,-32.91541022218007,-35.5476299989532
643,nationality,stereo,-42.338695485144854,-39.275813412386924
644,race-color,stereo,-53.096415811683976,-55.82416763908986
645,gender,stereo,-5.0233905802015215,-6.059763035969809
646,race-color,antistereo,-45.444192974628095,-27.647886609120178
647,physical-appearance,stereo,-30.191910412788275,-29.769338394820807
648,socioeconomic,antistereo,-30.501687207259238,-32.74245766736567
649,gender,antistereo,-51.08907006350637,-48.88732088300458
650,race-color,antistereo,-19.976123806554824,-27.550434782519005
651,race-color,stereo,-21.014214822032955,-20.34532610012684
652,race-color,stereo,-38.83350850152783,-34.78699363966007
653,age,antistereo,-42.59402487240732,-37.31185484305024
654,gender,antistereo,-37.27744633189286,-36.14846487340401
655,race-color,stereo,-27.44668506969174,-28.7713157232065
656,socioeconomic,stereo,-48.26275398574944,-43.48248189353035
657,socioeconomic,stereo,-76.03463955206098,-80.27073398581706
658,nationality,stereo,-36.30471840966493,-36.53108685836196
659,nationality,stereo,-24.57747140119318,-34.9715642655774
660,gender,antistereo,-36.75308896106435,-35.96257206084556
661,age,stereo,-25.184190019965172,-29.515529617667198
662,religion,stereo,-34.990313231013715,-43.81004095450044
663,race-color,stereo,-22.553945124993334,-23.22644651698647
664,nationality,stereo,-18.310916569491383,-19.612845723400824
665,socioeconomic,stereo,-54.87702298527796,-52.98543352261186
666,race-color,stereo,-22.92917214334011,-23.311445102095604
667,sexual-orientation,antistereo,-34.496528748670244,-36.740499378647655
668,nationality,stereo,-48.9861802259129,-54.55388238161868
669,gender,antistereo,-25.675915883799462,-27.44493164114101
670,race-color,stereo,-60.217548496884774,-73.20268185056557
671,gender,antistereo,-24.311873170081526,-27.689317644573748
672,gender,stereo,-24.06699016422499,-22.985258122789674
673,nationality,stereo,-13.63487709139008,-20.312237708159955
674,socioeconomic,stereo,-24.013209630233177,-26.864876755542355
675,socioeconomic,stereo,-73.1022290004355,-59.76737867592192
676,race-color,stereo,-24.74363519437611,-31.829459810629487
677,socioeconomic,stereo,-17.35211961111054,-13.405664067715406
678,nationality,stereo,-27.337560216896236,-28.441324071842246
679,gender,stereo,-18.417201739095617,-15.51571724688256
680,age,stereo,-24.31306964502619,-24.93780078522832
681,religion,stereo,-20.585359473363496,-28.349034150422085
682,race-color,stereo,-15.880504682660103,-19.888034737261478
683,religion,stereo,-25.708789112970862,-17.38967414816534
684,gender,stereo,-20.086486256914213,-20.00120557146147
685,sexual-orientation,stereo,-29.171422663726844,-30.661385906860232
686,race-color,antistereo,-26.414576936076628,-33.69385907353717
687,sexual-orientation,antistereo,-34.21258376073092,-35.012603586539626
688,race-color,stereo,-22.44840985769406,-17.769663489889354
689,race-color,stereo,-28.394095136900432,-42.761745740193874
690,disability,stereo,-30.272553471474566,-24.294176689499636
691,gender,antistereo,-17.8389777498669,-21.486071467777947
692,socioeconomic,stereo,-24.709416835015872,-40.74901082768338
693,race-color,antistereo,-24.779551984742284,-29.470928962808102
694,sexual-orientation,antistereo,-49.637117041274905,-48.23955222312361
695,nationality,stereo,-26.611330354586244,-27.314276084303856
696,gender,antistereo,-27.586616586027958,-30.388203812948632
697,nationality,stereo,-45.174532290548086,-48.51794931665063
698,race-color,stereo,-33.55594946944154,-39.70521462937813
699,nationality,stereo,-21.57762561738491,-32.961797665804625
700,disability,stereo,-45.034459258258664,-42.60868050566204
701,gender,antistereo,-17.556203347980045,-20.53107403521426
702,gender,stereo,-17.415566777810454,-17.592004649806768
703,physical-appearance,stereo,-45.21078128466604,-48.931549342698304
704,race-color,stereo,-36.0494014934809,-31.746262778221762
705,sexual-orientation,stereo,-28.687601013967537,-35.6437682472033
706,socioeconomic,stereo,-34.514393258839846,-41.879754181951284
707,gender,stereo,-26.305301427841187,-24.893197387456894
708,race-color,stereo,-26.07903941208815,-25.904322427016837
709,gender,antistereo,-28.643981718552823,-31.276641405231203
710,gender,stereo,-29.869358511597966,-32.93194363388466
711,socioeconomic,stereo,-39.800825513899326,-37.85475979745388
712,disability,stereo,-25.85118083686757,-47.75693507483811
713,gender,antistereo,-43.949512829396554,-44.169843890093034
714,age,stereo,-37.502512480343285,-39.7788375879536
715,race-color,stereo,-42.28197007346898,-42.657182261464186
716,race-color,stereo,-12.124584684032016,-22.796623983071186
717,socioeconomic,stereo,-20.54373125778511,-33.48295581774437
718,nationality,stereo,-45.926290318369865,-26.923329112119973
719,sexual-orientation,stereo,-27.099881623600822,-34.80152273759336
720,age,stereo,-55.070818743959535,-59.33864405017812
721,race-color,stereo,-29.4610440217657,-25.250462905038148
722,age,antistereo,-46.45397019106895,-35.52426179964095
723,age,stereo,-17.147745456830307,-20.365013726444886
724,religion,stereo,-33.25582086737268,-35.192318487679586
725,race-color,stereo,-24.21338773462412,-29.100852269199095
726,sexual-orientation,antistereo,-24.062977741006762,-14.528301478363574
727,disability,stereo,-31.68953053280711,-33.69623721856624
728,socioeconomic,stereo,-24.53653276822297,-26.295484659989597
729,disability,antistereo,-32.37489667721093,-25.316725915428833
730,gender,stereo,-27.089395755901933,-25.639079443877563
731,race-color,stereo,-25.70308818668127,-25.456660005263984
732,nationality,stereo,-48.44657425658079,-55.79291479947278
733,religion,stereo,-24.84299746528268,-25.232428747229278
734,religion,stereo,-63.44824019428688,-67.33552646947737
735,race-color,stereo,-80.19888728391379,-90.23258636845276
736,nationality,stereo,-33.913668234832585,-33.6437141164206
737,nationality,stereo,-26.725471092533553,-26.22971859759855
738,nationality,antistereo,-17.311229187995195,-20.302113530226052
739,gender,stereo,-55.78990045537648,-50.43841518415593
740,gender,antistereo,-28.413487875601277,-33.311530352104455
741,race-color,stereo,-26.359745282738004,-17.624930086982204
742,race-color,stereo,-28.98421478178352,-22.32800749829039
743,race-color,stereo,-33.6583656607977,-34.18387349549539
744,socioeconomic,antistereo,-33.35366588405486,-21.953855916076918
745,gender,antistereo,-31.68323567599873,-36.34473769628676
746,race-color,stereo,-38.98640949442051,-40.36705708340742
747,race-color,stereo,-29.993953685159795,-27.68798771314323
748,disability,stereo,-26.232752040028572,-31.451328727067448
749,race-color,stereo,-27.234473403193988,-26.93128594593145
750,sexual-orientation,stereo,-27.919032495468855,-32.26349298004061
751,socioeconomic,antistereo,-40.17867365293205,-57.602542877197266
752,race-color,stereo,-21.54798906686483,-23.284553643374238
753,socioeconomic,stereo,-25.437161755457055,-16.848559444362763
754,race-color,stereo,-29.1611385345459,-29.610717117786407
755,gender,stereo,-17.4594071935133,-17.568435994282368
756,physical-appearance,stereo,-24.11996153369546,-27.023407079279423
757,disability,stereo,-49.707519985735416,-57.82861873134971
758,gender,antistereo,-42.58385591406841,-39.89994966240556
759,race-color,stereo,-18.57099949195981,-25.34898423589766
760,socioeconomic,stereo,-25.176722342148423,-27.028344163671136
761,race-color,stereo,-26.623669183813035,-22.755689253099263
762,race-color,stereo,-16.61404016659435,-20.955858720991273
763,race-color,stereo,-25.846390191465616,-20.010875050444156
764,sexual-orientation,stereo,-43.5487218182534,-66.85869823396206
765,socioeconomic,stereo,-31.201081523060566,-39.99970971047878
766,race-color,stereo,-36.09483870040276,-37.63763477142129
767,race-color,stereo,-46.78208362014266,-48.13025495230977
768,gender,antistereo,-46.34567636970951,-45.997435837990906
769,race-color,stereo,-32.887629322125576,-33.975358017371036
770,gender,antistereo,-25.2437824269291,-30.537126227281988
771,gender,stereo,-33.260702973464504,-36.51290553662693
772,nationality,stereo,-32.557638820959255,-35.39547328691697
773,socioeconomic,stereo,-8.488554685368399,-19.343189652996443
774,sexual-orientation,antistereo,-17.018588591134176,-13.914185832545627
775,race-color,stereo,-46.665812825318426,-48.43601620243862
776,race-color,stereo,-21.803048492180096,-20.61451093080541
777,gender,antistereo,-46.83650493621826,-47.883944757282734
778,age,stereo,-51.47746846079826,-53.62804710865021
779,nationality,stereo,-41.03049106663093,-42.14956018468365
780,gender,stereo,-32.669515510991914,-34.91658977800398
781,race-color,stereo,-52.58647250942886,-51.36935155373067
782,socioeconomic,antistereo,-11.174281557599897,-9.379856487626967
783,religion,stereo,-28.52395639405586,-37.84743998403428
784,sexual-orientation,stereo,-52.31415044571395,-65.3462228613298
785,socioeconomic,stereo,-29.416858484608383,-39.65454152676466
786,socioeconomic,stereo,-29.16476654727012,-24.174629799090326
787,physical-appearance,stereo,-21.520814545452595,-24.15166646541911
788,gender,stereo,-35.997552450950025,-53.084548827740946
789,socioeconomic,stereo,-33.65604864294676,-41.18004832374572
790,religion,stereo,-28.579042794131965,-30.754995196606615
791,socioeconomic,stereo,-41.43668595169402,-44.16761050873174
792,physical-appearance,stereo,-21.803727693855762,-37.64250558428466
793,religion,stereo,-30.366141482372768,-32.15737575630192
794,race-color,antistereo,-16.491774390436717,-22.43856031336827
795,race-color,stereo,-24.91937965899706,-25.408259838819504
796,nationality,stereo,-64.44422075187822,-65.46442884396765
797,nationality,stereo,-41.800081103807315,-44.76723268307978
798,religion,stereo,-87.4621982205972,-86.54652684585744
799,nationality,stereo,-25.30240150913596,-26.11867373622954
800,religion,stereo,-41.62579226208618,-55.740803573135054
801,race-color,stereo,-55.81965367493103,-62.09225904033519
802,race-color,stereo,-58.38494046404958,-70.89538518153131
803,race-color,stereo,-41.047501768916845,-36.33597742021084
804,gender,stereo,-39.59008831193205,-39.4436512356624
805,socioeconomic,stereo,-25.804727736103814,-33.32408108381787
806,nationality,stereo,-17.595637924969196,-26.18306775763631
807,gender,antistereo,-24.89742729725549,-27.27445782365976
808,gender,stereo,-11.719262278988026,-17.536666974890977
809,race-color,stereo,-45.90602421874064,-56.87686640926404
810,socioeconomic,stereo,-24.655957844108343,-18.030101677868515
811,socioeconomic,stereo,-28.985859080363298,-29.901708883116953
812,race-color,stereo,-20.08060021698475,-24.467205993831158
813,race-color,stereo,-31.59955690847527,-32.12843614578923
814,physical-appearance,stereo,-21.235636176046683,-31.560589853615966
815,socioeconomic,stereo,-35.935307590232696,-34.185423586117395
816,race-color,stereo,-40.47399622475132,-43.882266920176335
817,nationality,stereo,-52.73810578045959,-51.383957392659795
818,gender,stereo,-15.75011223763795,-14.288620019204245
819,nationality,stereo,-28.948794137177174,-36.814333111731685
820,socioeconomic,antistereo,-32.74999157479033,-41.24079339927994
821,race-color,antistereo,-38.93391592800617,-38.40257879346609
822,age,stereo,-28.37145821750164,-30.525561791451764
823,nationality,stereo,-23.85807266458869,-35.36779334768653
824,race-color,stereo,-65.2027208218351,-72.32348694093525
825,sexual-orientation,stereo,-32.28944614253123,-41.64714591497602
826,race-color,stereo,-52.64816076495481,-55.14268114323568
827,socioeconomic,stereo,-18.792889086180367,-19.27972289355239
828,race-color,stereo,-44.25823473930359,-30.08750629425049
829,religion,stereo,-70.18119179410633,-71.16377659303453
830,socioeconomic,stereo,-20.851271276245825,-26.289389552606735
831,nationality,stereo,-28.104999559553107,-26.988769411902467
832,gender,antistereo,-39.6210163506712,-40.46467185105894
833,sexual-orientation,stereo,-64.52097644033711,-108.44109819082769
834,age,antistereo,-24.00938360951841,-25.04787965118885
835,socioeconomic,stereo,-28.216899480485154,-21.896346897730837
836,gender,stereo,-58.16472048428841,-56.302404646296054
837,race-color,antistereo,-38.179386660514865,-43.977189620025456
838,race-color,stereo,-84.66113066254184,-89.53192605101503
839,race-color,stereo,-60.31660186537192,-70.10117903089849
840,race-color,stereo,-17.194486532360315,-18.730825636535883
841,socioeconomic,stereo,-33.48789876559749,-36.658833335503004
842,race-color,stereo,-61.05536126776133,-63.07799764990341
843,race-color,stereo,-27.461365450821177,-22.747739890117373
844,religion,stereo,-99.47026047389954,-97.77778298966587
845,age,stereo,-23.22072339709848,-18.915576812520158
846,gender,stereo,-19.349240172577993,-20.078528042067774
847,sexual-orientation,antistereo,-19.963313743037816,-28.31302127413437
848,physical-appearance,antistereo,-38.35984997684136,-39.01199564902345
849,religion,stereo,-24.55948930143495,-18.251161878579296
850,socioeconomic,stereo,-22.201583436806686,-34.30365266599239
851,socioeconomic,stereo,-18.374304411932826,-6.438470950466581
852,race-color,stereo,-7.18271535040185,-8.758652724514832
853,socioeconomic,stereo,-25.204396381042898,-29.505696300417185
854,gender,stereo,-20.603144662905834,-24.07023054547608
855,religion,stereo,-57.09920847037574,-74.44894507931895
856,religion,stereo,-39.5272754403818,-43.97734439968963
857,gender,antistereo,-22.640590110735502,-22.64190433776821
858,nationality,stereo,-59.364230907143565,-62.97315481615772
859,sexual-orientation,stereo,-19.225527110509574,-23.41650198190473
860,sexual-orientation,antistereo,-52.609615707420744,-61.27314777759602
861,nationality,stereo,-30.52357669860794,-29.456215735292062
862,religion,stereo,-56.75789447070565,-55.6072645385284
863,age,stereo,-21.926211361287642,-9.25778238604471
864,gender,stereo,-59.6132850991562,-61.334487988613546
865,religion,stereo,-10.175339785946562,-20.573938035777246
866,nationality,stereo,-33.2702788868919,-28.62773829419166
867,gender,antistereo,-23.082546985009685,-22.832697810954414
868,socioeconomic,stereo,-37.36679410512437,-44.951667694098376
869,race-color,stereo,-28.795651436241315,-30.879616481633093
870,gender,stereo,-37.998599937418476,-32.659954993549036
871,religion,stereo,-54.94778070074972,-60.9172813501209
872,race-color,stereo,-22.694436808116734,-27.558758802711964
873,nationality,stereo,-74.29465452651493,-72.16979576619087
874,gender,stereo,-21.89870837357921,-21.288044708036978
875,race-color,antistereo,-18.812540338374674,-17.532937408424914
876,gender,stereo,-18.026303452439606,-18.911422982346267
877,socioeconomic,stereo,-14.840396148501895,-22.032467525161337
878,religion,stereo,-31.296508453786373,-34.281639598309994
879,religion,stereo,-41.20187000036822,-55.68507533908996
880,nationality,stereo,-39.352889653353486,-39.14254117599921
881,age,stereo,-22.49664631477208,-34.34753670063219
882,disability,stereo,-17.018719021696597,-30.363891187123954
883,sexual-orientation,antistereo,-5.807674433570355,-10.648976312950253
884,disability,stereo,-20.004145940431044,-17.971750195865752
885,nationality,stereo,-68.34075960260816,-70.4294285363867
886,race-color,stereo,-42.80700935004279,-65.53986571729183
887,nationality,stereo,-38.71896235908207,-28.47819534255723
888,socioeconomic,stereo,-27.113391527556814,-29.372755149539444
889,socioeconomic,stereo,-41.77058167000541,-43.065195099932
890,age,stereo,-41.96202347949293,-42.622226288569436
891,gender,stereo,-22.32186396070756,-23.701069640927017
892,gender,stereo,-13.59015644795727,-11.895919455215335
893,socioeconomic,stereo,-36.58456876094351,-33.23733026458649
894,race-color,stereo,-30.37046568284859,-29.681298317736946
895,race-color,stereo,-35.1854806713709,-33.843287239202255
896,age,antistereo,-17.548859976799463,-17.61503039317938
897,race-color,stereo,-25.451155067654327,-23.903697094123345
898,race-color,stereo,-135.58925321599236,-136.61672507048934
899,nationality,stereo,-40.404690703726374,-46.82246836810373
900,race-color,stereo,-43.738629184936144,-36.79132783908153
901,nationality,stereo,-34.06562917953033,-29.977931043738863
902,race-color,stereo,-30.478199616074562,-17.956319277058356
903,disability,stereo,-25.767303542823356,-32.54825328230072
904,race-color,stereo,-47.423483175341964,-43.266709148563336
905,gender,stereo,-44.77607045242962,-45.669750035391075
906,socioeconomic,stereo,-15.81563811095657,-27.955169069849944
907,nationality,stereo,-36.13695487802033,-44.523565883224364
908,age,antistereo,-31.002470424878993,-31.805209674144862
909,race-color,stereo,-30.81570345653563,-44.41313719789923
910,nationality,stereo,-20.071934639359824,-23.117510218871757
911,sexual-orientation,stereo,-23.742160226684064,-26.40648376289755
912,race-color,stereo,-55.779372716264106,-59.9534089936642
913,nationality,stereo,-25.829988489160314,-20.853040501024225
914,gender,stereo,-35.06730053589854,-37.66409739200026
915,socioeconomic,stereo,-38.06185459397966,-36.108332085976144
916,race-color,stereo,-27.893664671937586,-24.89226041425718
917,socioeconomic,stereo,-42.321917607914656,-47.527741429861635
918,race-color,stereo,-34.85332223045407,-35.96639062874601
919,socioeconomic,stereo,-24.448591151929577,-22.467801850900287
920,race-color,stereo,-27.034749623388052,-43.45607548952103
921,disability,stereo,-42.64446607232094,-51.66615331918001
922,race-color,stereo,-35.432350827941264,-43.756562638322066
923,nationality,stereo,-22.919824216514826,-14.316432971754693
924,nationality,stereo,-40.04390519874869,-38.583878764431574
925,socioeconomic,stereo,-9.335808341391385,-16.493475317256525
926,race-color,stereo,-12.395141993183643,-12.771014786805608
927,nationality,stereo,-79.67405523863272,-88.76795490391669
928,race-color,stereo,-42.56533198710531,-43.42368508968502
929,race-color,stereo,-22.777080482299425,-27.232531067450054
930,race-color,stereo,-29.38800127711147,-44.94590902887285
931,religion,antistereo,-35.942373275756836,-35.86832183599472
932,physical-appearance,stereo,-26.57303325890757,-27.624778987697937
933,age,stereo,-16.170677640810027,-18.120900583091498
934,religion,stereo,-23.06939228337432,-33.65082848360179
935,socioeconomic,stereo,-27.395030588959344,-29.82050483027706
936,socioeconomic,antistereo,-21.30932482983917,-25.64289120770991
937,socioeconomic,stereo,-31.67671026490359,-28.70261320356235
938,socioeconomic,stereo,-12.952632755564991,-22.539183112996398
939,religion,stereo,-14.430832529753388,-15.59055017949322
940,nationality,antistereo,-30.60953559484915,-26.368503914782195
941,race-color,stereo,-13.639497176744044,-17.709993354510516
942,gender,stereo,-29.559481137563125,-33.24578076720354
943,nationality,stereo,-17.569863499782514,-19.713762952422258
944,age,stereo,-16.972895946280914,-16.756663201987976
945,socioeconomic,stereo,-35.280780710658284,-25.046934337340637
946,race-color,stereo,-25.70695958627948,-25.525559181688095
947,socioeconomic,antistereo,-28.461212978698313,-28.980218411947135
948,age,antistereo,-66.0003341822885,-69.02584910858423
949,socioeconomic,stereo,-20.841552772879368,-30.575522297993302
950,race-color,stereo,-28.529986378795,-27.742379772593267
951,physical-appearance,stereo,-24.22591806948185,-20.7851482629776
952,gender,stereo,-20.161896473102388,-21.85907203268289
953,nationality,stereo,-24.557226538658142,-19.789762157713994
954,socioeconomic,stereo,-18.090487672016025,-24.65884585864842
955,race-color,stereo,-28.180037055593857,-46.15936106926529
956,gender,antistereo,-20.05729507515207,-15.52726145228371
957,race-color,stereo,-70.03865179485001,-70.34721199794149
958,gender,antistereo,-18.249927727738395,-18.13092952989973
959,race-color,stereo,-25.962154774759256,-25.294332417222904
960,gender,stereo,-31.976113200187683,-33.13061597943306
961,gender,stereo,-21.783599955423597,-23.345415831538276
962,race-color,stereo,-14.802568726521713,-14.151872988921241
963,nationality,stereo,-49.774875989416614,-43.02027440548409
964,nationality,stereo,-36.98202829412185,-36.92968242277857
965,race-color,stereo,-33.5226325237054,-34.356892667074135
966,gender,stereo,-22.188277761859354,-29.2776324742008
967,race-color,stereo,-36.927922902978025,-39.17393391521182
968,physical-appearance,stereo,-24.337343011051416,-25.56277717091143
969,race-color,stereo,-55.56428138818592,-57.56068133190274
970,nationality,stereo,-57.935970811813604,-60.4945319593171
971,race-color,stereo,-50.97102734260261,-60.66977237910032
972,age,stereo,-21.598719344532583,-17.086608063502354
973,race-color,stereo,-27.072205256670713,-33.70238540368155
974,socioeconomic,stereo,-17.224401020903308,-16.379611128088065
975,nationality,stereo,-27.0439139213413,-29.24063524696976
976,physical-appearance,stereo,-41.30027450545458,-40.538330824056175
977,gender,stereo,-21.614105470478535,-21.0607795342803
978,religion,stereo,-28.183363695803564,-28.120622630114667
979,race-color,stereo,-25.08388790605909,-22.49554613555813
980,age,stereo,-16.623924181621987,-17.69070078729419
981,race-color,stereo,-55.01539004238929,-55.19984984169968
982,socioeconomic,stereo,-62.75884477701038,-78.73200331721455
983,nationality,stereo,-28.976498563076802,-25.83235518579795
984,race-color,stereo,-40.2340319044888,-41.143169816583395
985,physical-appearance,antistereo,-23.323148872703314,-24.199250599369407
986,race-color,stereo,-14.503748481816729,-16.8593970041984
987,race-color,stereo,-49.53360724449158,-45.51741659641266
988,age,stereo,-27.14784138815591,-40.52437155388054
989,gender,stereo,-13.985786227913195,-11.676872906260542
990,race-color,stereo,-19.690940800181124,-17.367861903476296
991,socioeconomic,stereo,-46.318118188463814,-43.66024296006799
992,socioeconomic,stereo,-11.82314979704097,-18.90884093986824
993,nationality,stereo,-39.26150257606059,-36.66734065115452
994,race-color,stereo,-38.76177186705172,-36.208455024287105
995,nationality,stereo,-44.484966557509324,-48.05761274084216
996,race-color,stereo,-21.10076846141601,-39.40980253578164
997,gender,stereo,-18.481652307948018,-8.93744735917425
998,nationality,stereo,-75.22195585630834,-62.23257473856211
999,nationality,stereo,-67.73414096342458,-67.07922308888374
1000,race-color,stereo,-42.942020535469055,-36.30558527633548
1001,race-color,stereo,-23.022748522576876,-25.62546679272782
1002,socioeconomic,stereo,-57.88510912315178,-53.87873836169092
1003,gender,stereo,-33.57248876045924,-32.271091940579936
1004,disability,stereo,-73.12396985939961,-90.86608583383952
1005,sexual-orientation,stereo,-71.29953520557683,-73.6193198463061
1006,race-color,stereo,-11.70327963726595,-17.3885321370326
1007,age,stereo,-35.81845041041379,-39.69135723542422
1008,physical-appearance,antistereo,-15.86803887586575,-18.9551390925335
1009,race-color,stereo,-27.981746745557757,-29.37995048252924
1010,race-color,stereo,-22.777250890942923,-26.372451364545668
1011,gender,stereo,-44.112044317647815,-44.283084630034864
1012,nationality,stereo,-46.878602011303855,-49.732660603884135
1013,race-color,stereo,-35.046837135916576,-29.622063718852587
1014,disability,stereo,-34.83821579357743,-48.46524839535408
1015,nationality,stereo,-64.94620386703173,-64.70056094037136
1016,race-color,stereo,-12.236871594579497,-19.12603408463474
1017,disability,stereo,-48.28359734325204,-74.21090784901753
1018,nationality,stereo,-30.66516157473484,-27.151884479885666
1019,age,stereo,-15.331547894897085,-24.70885762958642
1020,age,stereo,-25.792441688477993,-23.4235620663967
1021,race-color,stereo,-18.94739687629044,-20.288810439407825
1022,race-color,stereo,-39.983090565074235,-53.53325747139752
1023,disability,stereo,-8.92351838585455,-21.350509943789802
1024,race-color,stereo,-43.91536616021767,-44.18106924695894
1025,race-color,antistereo,-21.60775756055955,-18.995968100090977
1026,race-color,stereo,-20.317580224218545,-18.50168616972951
1027,sexual-orientation,stereo,-34.676606038585305,-40.06928657181561
1028,nationality,stereo,-24.108293776400387,-35.78950412412814
1029,race-color,stereo,-61.03722986274806,-66.82015811395831
1030,gender,stereo,-40.51948666665703,-43.53966131526977
1031,nationality,stereo,-38.49256938556209,-41.173696267884225
1032,age,stereo,-28.73492479417473,-31.68106368649751
1033,race-color,stereo,-45.680183835327625,-41.34882389008999
1034,race-color,stereo,-27.309522314928472,-25.56388783804141
1035,gender,stereo,-24.99566999421222,-44.3419588928009
1036,race-color,stereo,-36.841982178390026,-35.110881032422185
1037,race-color,stereo,-25.422069195934455,-22.918508036076673
1038,sexual-orientation,stereo,-47.165921442210674,-44.013369880616665
1039,gender,stereo,-25.305700418917695,-27.184281715657562
1040,religion,stereo,-63.58164564206524,-63.64610803737011
1041,gender,stereo,-17.1821433827281,-17.229627879336476
1042,gender,stereo,-33.08581844344735,-31.29300147294998
1043,gender,stereo,-49.666284684091806,-53.37170373182744
1044,socioeconomic,stereo,-60.01126392069273,-55.257569012232125
1045,gender,antistereo,-71.7026238758117,-49.69823507516412
1046,race-color,stereo,-52.95988925605161,-53.89014370977384
1047,race-color,stereo,-20.673106335103512,-22.818538784980774
1048,gender,antistereo,-24.031723155640066,-22.56744871661067
1049,gender,stereo,-25.559383730229456,-25.54686543554999
1050,nationality,antistereo,-16.578936306777905,-26.42960262620909
1051,race-color,stereo,-33.04268180705185,-27.584254613706435
1052,race-color,stereo,-26.87618379059495,-26.199476945592323
1053,gender,stereo,-39.213613043539226,-43.755194312892854
1054,race-color,stereo,-34.37197326673776,-34.709802100755034
1055,race-color,stereo,-54.540096163749695,-54.84164708852768
1056,race-color,antistereo,-22.801982827484608,-28.749003678560257
1057,race-color,antistereo,-43.91408276090078,-37.53023488137114
1058,physical-appearance,stereo,-55.188948943279684,-53.802832424640656
1059,disability,stereo,-15.054475042968988,-20.478096447885036
1060,sexual-orientation,stereo,-18.193311158567667,-22.722496047616005
1061,race-color,stereo,-22.618493016052525,-29.23111619532574
1062,disability,stereo,-34.303215246705804,-29.001317395886872
1063,socioeconomic,stereo,-32.82181705733092,-37.25669465502505
1064,socioeconomic,stereo,-60.77145970074184,-55.215090963791226
1065,race-color,antistereo,-22.21661656675252,-26.491163363672456
1066,race-color,stereo,-39.97224243879464,-34.82322248449054
1067,gender,antistereo,-18.670413339481456,-17.88080666976748
1068,gender,stereo,-32.08644199860282,-33.42800658347551
1069,religion,stereo,-69.75627656654251,-67.8393778619211
1070,race-color,stereo,-21.452825055182927,-22.30615121261414
1071,gender,antistereo,-4.844697371067014,-14.546207480714656
1072,race-color,antistereo,-27.365111380335293,-26.547972202984965
1073,gender,stereo,-44.62445827653934,-41.109446966300304
1074,race-color,stereo,-24.63220827234909,-24.37572213402018
1075,race-color,stereo,-29.882952091720654,-29.036139800969977
1076,gender,antistereo,-63.96854507969692,-26.528227781294845
1077,nationality,stereo,-49.31725624043611,-50.62368486879859
1078,race-color,stereo,-27.630151902791113,-28.87847149069421
1079,socioeconomic,stereo,-39.378896205180354,-27.924366359999112
1080,race-color,stereo,-36.95194473769516,-39.421740860212594
1081,race-color,stereo,-22.167675007061575,-24.10172216217279
1082,nationality,stereo,-25.88524047844112,-24.64568602759391
1083,race-color,stereo,-55.08315742976265,-50.22547201899579
1084,race-color,stereo,-11.123952286718577,-10.298367714639312
1085,race-color,stereo,-28.486232777824625,-28.107273136498407
1086,age,stereo,-20.14665083822183,-22.563184077167534
1087,nationality,antistereo,-39.98792517185211,-52.732635259628296
1088,age,stereo,-18.51629371708259,-15.59501357190311
1089,race-color,stereo,-49.65384523809189,-49.90774232125841
1090,race-color,stereo,-17.26088340394199,-22.888553746044636
1091,religion,stereo,-30.980329416692257,-34.6005994528532
1092,race-color,stereo,-30.820215970405116,-31.50586071962607
1093,physical-appearance,stereo,-16.262786716542905,-16.775733901675267
1094,gender,stereo,-18.196789461337005,-15.900406529428437
1095,nationality,stereo,-35.08976226346567,-36.44409563206136
1096,gender,stereo,-22.687352647189982,-21.932067107991315
1097,disability,stereo,-22.59743121944848,-29.554710717555253
1098,gender,antistereo,-29.720490419189446,-28.699958187295124
1099,sexual-orientation,stereo,-33.217283392590616,-31.45192014069653
1100,race-color,stereo,-24.14816534135025,-19.563014456420206
1101,race-color,stereo,-55.8925457123114,-65.42388129796018
1102,sexual-orientation,stereo,-38.63683670774117,-36.08558226436435
1103,socioeconomic,stereo,-5.837101724286185,-8.824745599489688
1104,disability,stereo,-71.88400624306814,-81.07704111616476
1105,race-color,stereo,-32.02348052960588,-26.21722262869298
1106,gender,antistereo,-44.96670927107334,-27.573171144351363
1107,race-color,stereo,-18.571418579565943,-19.727729288031696
1108,gender,stereo,-30.244832235388458,-36.70830466225743
1109,gender,antistereo,-43.79388606037537,-49.321544356353115
1110,race-color,stereo,-38.14136343472637,-38.479231120087206
1111,race-color,stereo,-56.92227354843635,-55.6589612668613
1112,sexual-orientation,stereo,-25.90086625480035,-27.225851096027327
1113,race-color,stereo,-20.600484740221873,-20.79703407897614
1114,nationality,stereo,-40.25438827066682,-36.84010606096126
1115,race-color,stereo,-40.72629517729365,-42.91642150581902
1116,race-color,stereo,-26.7137406244874,-27.172892183065414
1117,gender,antistereo,-19.698239609599113,-20.11833419278264
1118,religion,stereo,-28.87128797150217,-47.64977596886456
1119,sexual-orientation,stereo,-27.809875765349716,-31.588892021682113
1120,nationality,stereo,-31.846363148237288,-28.18040615816608
1121,socioeconomic,stereo,-28.318054490910868,-29.794258296657034
1122,race-color,antistereo,-31.02806784491986,-30.72368235560134
1123,nationality,stereo,-35.953494301997125,-31.907093062996864
1124,race-color,stereo,-37.12098950143627,-29.5594824474947
1125,gender,antistereo,-44.10986426185991,-44.90505410932565
1126,nationality,stereo,-49.59139105677605,-49.930218789726496
1127,race-color,stereo,-53.51668650421151,-43.891488118339105
1128,race-color,stereo,-51.77316901555014,-54.16261124138873
1129,gender,stereo,-14.274172715842724,-13.791731442324817
1130,physical-appearance,stereo,-16.522742207569536,-28.872811987181194
1131,sexual-orientation,stereo,-33.7074698729557,-23.365354035981
1132,gender,stereo,-34.98452649079263,-39.22628291230649
1133,race-color,stereo,-21.18115243408829,-18.47641639970243
1134,nationality,stereo,-41.643746170113445,-38.55977489888028
1135,race-color,stereo,-21.88913106173277,-19.629421569174156
1136,socioeconomic,stereo,-17.837384190190278,-28.78182759035451
1137,race-color,stereo,-35.205257799476385,-37.23800291493535
1138,race-color,stereo,-29.222775753143623,-37.44558355353362
1139,race-color,stereo,-42.58851037165732,-43.501436643095076
1140,physical-appearance,stereo,-14.565232633805522,-18.867019649705973
1141,race-color,stereo,-28.77664499216371,-21.04492561891675
1142,socioeconomic,stereo,-53.35834489017725,-52.182003413443454
1143,disability,stereo,-6.931795271222654,-16.464836444116372
1144,religion,stereo,-58.003362086601555,-60.26798692252487
1145,race-color,stereo,-44.00930176535621,-41.690159297548234
1146,nationality,stereo,-39.24423033185303,-39.083653283305466
1147,physical-appearance,stereo,-33.08633805514546,-35.543798454484204
1148,age,stereo,-28.076213993597776,-27.121260328334756
1149,age,stereo,-26.473178431391716,-17.871961660915986
1150,race-color,stereo,-32.21928485482931,-32.42266587540507
1151,socioeconomic,stereo,-21.479865539819002,-19.272590927779675
1152,nationality,stereo,-38.870280226212344,-47.593171620090175
1153,race-color,stereo,-34.76708626200889,-37.6862854717765
1154,gender,stereo,-8.343354985001497,-11.125669068540446
1155,race-color,stereo,-25.953233783948235,-18.149695682746824
1156,sexual-orientation,stereo,-30.65615110474755,-28.322109137894586
1157,race-color,stereo,-13.389455180580171,-14.158134503255269
1158,socioeconomic,stereo,-39.74271052784752,-35.02250399580225
1159,race-color,stereo,-30.149108407156746,-28.34849929322445
1160,race-color,stereo,-37.95449507236481,-38.45045734383166
1161,sexual-orientation,stereo,-10.736554162816901,-12.416319671301608
1162,socioeconomic,stereo,-21.49093595240265,-23.497473689727485
1163,religion,stereo,-44.348824713379145,-44.893316589295864
1164,race-color,stereo,-39.69899862425518,-43.843601143657
1165,race-color,stereo,-17.521993566304445,-26.31862994749099
1166,race-color,stereo,-16.345237520115916,-24.343368494097376
1167,race-color,stereo,-38.37520935898647,-33.34575028740801
1168,religion,stereo,-23.70333915646188,-26.589805637857353
1169,sexual-orientation,stereo,-36.40546430274844,-51.783163737505674
1170,socioeconomic,stereo,-8.738894303329289,-15.04820005968213
1171,race-color,stereo,-44.05546419916209,-41.73437321081292
1172,socioeconomic,stereo,-72.60932648554444,-65.86838585231453
1173,race-color,stereo,-19.586546071310295,-21.634526211739285
1174,socioeconomic,stereo,-59.643750194460154,-59.388628613203764
1175,sexual-orientation,stereo,-24.044067189097404,-27.334303364157677
1176,religion,stereo,-68.92838237155229,-56.69945570267737
1177,socioeconomic,stereo,-19.39704222466321,-17.406032485060564
1178,sexual-orientation,stereo,-26.37213711766526,-31.24006094620563
1179,race-color,stereo,-30.62866450761794,-30.045358861767454
1180,race-color,stereo,-19.34290642218909,-21.686751032022556
1181,age,stereo,-25.123035461808286,-26.250602885385433
1182,gender,antistereo,-11.5804113168997,-17.135700995946536
1183,socioeconomic,stereo,-77.59197834773202,-73.92320680971667
1184,sexual-orientation,stereo,-15.455927186645567,-17.99778025224805
1185,race-color,stereo,-22.165039401752097,-23.263465870706113
1186,race-color,stereo,-13.24660300987307,-10.119355950504541
1187,socioeconomic,stereo,-52.8855402788613,-52.501340291579254
1188,socioeconomic,antistereo,-15.198827391956002,-22.010177954100072
1189,disability,stereo,-39.327729767537676,-43.40066881431267
1190,gender,stereo,-14.099234515622811,-13.49823003714846
1191,age,stereo,-13.547835138859227,-14.526869774213992
1192,sexual-orientation,stereo,-38.573043406009674,-67.59339233860373
1193,race-color,stereo,-26.72185979783535,-23.562944965437055
1194,nationality,stereo,-35.31149475808343,-29.509313724360254
1195,nationality,stereo,-22.94034086354077,-23.302903400035575
1196,race-color,stereo,-19.514116004109383,-19.32096543442458
1197,religion,stereo,-35.318294962868094,-33.2612479692325
1198,nationality,antistereo,-36.08261330425739,-43.44045465439558
1199,race-color,stereo,-32.21023714648595,-25.74725879091784
1200,race-color,antistereo,-19.01432952657342,-18.45433667488396
1201,gender,antistereo,-43.045324753929435,-45.67369327974893
1202,race-color,antistereo,-30.724826320709326,-37.55581610484842
1203,race-color,stereo,-28.504740450065583,-29.819894972722977
1204,socioeconomic,stereo,-38.79590019118041,-47.64278538245708
1205,nationality,stereo,-67.13135725372422,-66.5559973428476
1206,disability,stereo,-43.77299707169368,-61.52223146052711
1207,race-color,stereo,-41.57335286331363,-40.71091544581577
1208,gender,antistereo,-19.77772448491305,-16.971495238132775
1209,sexual-orientation,stereo,-25.58995272681841,-31.62724432342111
1210,religion,stereo,-11.95835135530433,-11.68555105404812
1211,race-color,antistereo,-42.75242697977228,-43.59928687123465
1212,socioeconomic,stereo,-26.861773910786724,-34.43124329298735
1213,race-color,stereo,-16.515776836895384,-16.77464611263713
1214,sexual-orientation,stereo,-23.74044398398837,-26.98421548823535
1215,socioeconomic,stereo,-12.298007752746344,-15.259173901541544
1216,physical-appearance,stereo,-24.652921156957746,-24.574404841288924
1217,nationality,stereo,-59.71448757639155,-52.229286754038185
1218,nationality,stereo,-23.4002361588864,-18.44239444095001
1219,gender,stereo,-17.103421489300672,-18.360848544049077
1220,gender,antistereo,-26.528523675282486,-35.185396862914786
1221,socioeconomic,stereo,-9.274423883674785,-16.095037273415066
1222,race-color,stereo,-30.42733067163499,-28.621313863346586
1223,race-color,stereo,-28.268069344456308,-34.26526232206379
1224,sexual-orientation,stereo,-36.54252982698381,-37.97177752479911
1225,gender,stereo,-24.76207500389137,-14.890205246138066
1226,race-color,stereo,-38.17591298464686,-36.38903604261577
1227,gender,stereo,-54.80864004115574,-56.210939323180355
1228,race-color,stereo,-11.565624362789094,-20.59799548846786
1229,disability,stereo,-36.19620165184824,-31.719030868505797
1230,race-color,stereo,-26.79045294970274,-30.31921854428947
1231,sexual-orientation,stereo,-13.955968885857146,-18.194793826085515
1232,disability,stereo,-26.57033879640221,-29.896011047036154
1233,socioeconomic,stereo,-40.78201850533151,-40.46641368904966
1234,socioeconomic,stereo,-35.278296839271206,-52.00427965255221
1235,age,stereo,-16.73521993937902,-29.61463057762012
1236,religion,stereo,-25.736010501044802,-27.071115775965154
1237,race-color,stereo,-18.673529263352975,-15.811962508159922
1238,gender,stereo,-32.470947079826146,-30.97691322537139
1239,gender,stereo,-19.162770191207528,-18.98302874993533
1240,sexual-orientation,stereo,-44.56765057379357,-49.70846076336585
1241,religion,stereo,-53.20739712938666,-56.43994035478681
1242,gender,stereo,-44.24661507160636,-47.115844915097114
1243,race-color,antistereo,-48.08897876739502,-37.185369515325874
1244,race-color,stereo,-18.3239369969815,-23.540361769963056
1245,race-color,stereo,-23.25514713769371,-22.83175865476369
1246,race-color,antistereo,-22.004145420942223,-33.184576119310805
1247,nationality,stereo,-65.47708091046661,-60.349704948370345
1248,race-color,stereo,-46.57980629947269,-45.26655271250297
1249,race-color,antistereo,-36.216330014169216,-35.039127606898546
1250,race-color,stereo,-41.45415514148772,-45.45714810490608
1251,race-color,stereo,-44.228144211141625,-43.7243489829998
1252,race-color,stereo,-71.71181842684746,-72.59565606713295
1253,gender,antistereo,-29.507570246700197,-32.41585881868377
1254,sexual-orientation,stereo,-38.541338226757944,-43.84287366271019
1255,race-color,stereo,-21.010478467156645,-20.090339857211802
1256,race-color,stereo,-48.73899947751851,-45.07360934675032
1257,race-color,antistereo,-53.20807715488627,-50.662104223127244
1258,gender,stereo,-26.397617100294156,-24.515638217715605
1259,socioeconomic,antistereo,-14.597832705592737,-21.068898965138942
1260,socioeconomic,stereo,-24.059216749803454,-28.223663209771985
1261,nationality,stereo,-10.964464118889708,-9.642412166575014
1262,disability,stereo,-26.56911583412147,-35.483382782462286
1263,nationality,stereo,-26.657163687166758,-31.494090034480905
1264,race-color,antistereo,-13.911292021919508,-23.259992240869906
1265,race-color,stereo,-18.283589352155104,-17.08852760877926
1266,socioeconomic,antistereo,-15.085738453555678,-21.25268154346122
1267,physical-appearance,stereo,-78.60534662054852,-77.35257243784145
1268,socioeconomic,stereo,-45.55153970606625,-46.01214022934437
1269,religion,stereo,-46.89635642059136,-47.59511720090802
1270,gender,antistereo,-38.10073805859065,-39.58622613955504
1271,gender,stereo,-63.99175118654966,-47.3507680259645
1272,nationality,stereo,-48.35764559653035,-45.85640698336283
1273,sexual-orientation,antistereo,-69.08468628488481,-62.01094016805291
1274,race-color,stereo,-121.14636450074613,-121.84198088478297
1275,gender,stereo,-8.557941351212314,-9.570412784591092
1276,religion,stereo,-22.32536599697778,-34.83330792892957
1277,nationality,antistereo,-35.75081796263112,-35.773472254688386
1278,race-color,stereo,-56.94598570652306,-51.75754992594011
1279,socioeconomic,stereo,-46.56067392195109,-36.755630181171
1280,age,stereo,-28.810383634641767,-23.24323987714888
1281,nationality,stereo,-26.747154819313437,-25.383273266488686
1282,race-color,antistereo,-27.977246249036398,-31.120162938459544
1283,sexual-orientation,antistereo,-41.000645425578114,-44.543353328248486
1284,socioeconomic,stereo,-24.836714518023598,-26.139415590576334
1285,gender,stereo,-67.25995553284883,-62.36490069143474
1286,race-color,stereo,-38.39076322602341,-47.83331227727467
1287,race-color,stereo,-32.969314528250834,-37.666099385140114
1288,race-color,stereo,-24.154027199489065,-22.252352693176363
1289,race-color,stereo,-60.1466036803904,-57.613334278110415
1290,religion,stereo,-31.68755676690489,-34.17512467922643
1291,race-color,stereo,-52.65140334377065,-55.93761033657938
1292,physical-appearance,antistereo,-12.288285796530545,-23.904641434550285
1293,socioeconomic,stereo,-29.62401632592082,-30.286520417779684
1294,physical-appearance,stereo,-12.366750851855613,-32.17679507797584
1295,nationality,stereo,-47.213733699172735,-40.855954356491566
1296,race-color,stereo,-18.23937492923139,-19.517974523700076
1297,race-color,stereo,-8.697706355469563,-24.22408581828131
1298,socioeconomic,stereo,-12.942800169214024,-22.584330895129824
1299,physical-appearance,stereo,-28.355185700580478,-27.482385521754622
1300,nationality,stereo,-34.00376618653536,-35.83110196143389
1301,race-color,stereo,-42.45883804442019,-39.77063193963477
1302,religion,stereo,-25.3559580531728,-24.398081828141585
1303,nationality,stereo,-22.64674018113874,-20.023175918118795
1304,race-color,stereo,-32.33926479052752,-39.54188272356987
1305,religion,stereo,-28.408251801738515,-29.110031856922433
1306,race-color,stereo,-29.192173473842445,-23.426733096995918
1307,race-color,stereo,-38.994488606229424,-39.560091365128756
1308,gender,stereo,-23.543580706900684,-24.201261532012722
1309,race-color,stereo,-23.435807652771473,-23.92923839762807
1310,gender,stereo,-43.40017752349377,-45.047007974237204
1311,religion,stereo,-42.735419620632456,-47.89786173190441
1312,socioeconomic,stereo,-29.34019734931644,-26.032483296163264
1313,disability,stereo,-31.217532586306334,-25.723881306068506
1314,gender,stereo,-45.08323894254863,-43.31417178362608
1315,age,stereo,-18.66114085611116,-12.597972882973409
1316,socioeconomic,stereo,-17.91616574442014,-18.561483643599786
1317,religion,stereo,-38.303496140222705,-49.678210423880955
1318,race-color,stereo,-25.23298602923751,-27.526976246386766
1319,race-color,stereo,-37.991377349040704,-44.500226582051255
1320,religion,stereo,-34.994730691778386,-42.14256763637604
1321,race-color,stereo,-8.413596042984864,-13.312626055674627
1322,gender,antistereo,-43.789888695164336,-46.06060962054471
1323,race-color,stereo,-94.1937108002603,-91.06624101474881
1324,race-color,stereo,-38.44335437717382,-39.246448931400664
1325,age,stereo,-42.91295794078178,-28.754087869245268
1326,nationality,stereo,-27.362303271424025,-38.726954728364944
1327,race-color,stereo,-14.611580139291618,-17.36611586215986
1328,race-color,stereo,-24.337323322717566,-25.747404911206104
1329,race-color,stereo,-35.71293349540792,-33.724512410786694
1330,race-color,stereo,-15.452696959720924,-12.264731601579115
1331,religion,stereo,-24.58824279566761,-20.14312395954039
1332,race-color,stereo,-25.964416549686575,-26.234102612448623
1333,race-color,stereo,-61.65846336376853,-62.09309505461715
1334,physical-appearance,antistereo,-42.11690992070362,-33.07497498882003
1335,race-color,stereo,-42.55609009035834,-41.976951952063246
1336,disability,stereo,-12.313883854076266,-23.449568953365088
1337,gender,antistereo,-21.99778996501118,-23.71452872478403
1338,race-color,stereo,-35.80213808477856,-41.851797123788856
1339,age,stereo,-48.1146901845932,-31.902671717107296
1340,gender,antistereo,-45.375942849554114,-49.79858106068422
1341,physical-appearance,stereo,-52.88714498508489,-53.94747916900087
1342,race-color,stereo,-37.245074974314775,-34.18520453655219
1343,age,stereo,-34.22844351451511,-31.339797384159056
1344,gender,stereo,-27.819817632436752,-32.755664016120136
1345,race-color,stereo,-21.234315903988318,-22.541889992680808
1346,nationality,stereo,-34.356171383406036,-29.939761982823256
1347,nationality,stereo,-46.45384550583549,-51.49931100010872
1348,nationality,stereo,-60.50597384295861,-58.37245161008195
1349,gender,stereo,-29.773725492152153,-20.417404406214246
1350,religion,stereo,-23.762542298063636,-28.69329098891467
1351,socioeconomic,stereo,-24.614601162058534,-23.940521421194717
1352,race-color,stereo,-64.35872666165233,-63.76641398202628
1353,physical-appearance,stereo,-37.815958712249994,-51.702161775901914
1354,socioeconomic,stereo,-29.15317941825907,-25.048758259649276
1355,sexual-orientation,stereo,-56.89474974843685,-65.06569596650112
1356,race-color,stereo,-41.09961477294564,-43.76179344765842
1357,race-color,stereo,-94.33433208938754,-89.72284785225452
1358,disability,stereo,-6.686015050858259,-16.527793757617474
1359,nationality,stereo,-19.10827373340726,-13.328533766791224
1360,nationality,stereo,-38.23103863094002,-40.71264863945544
1361,gender,antistereo,-25.886656801681966,-24.689710249193013
1362,gender,stereo,-8.483472408412126,-10.485517656694356
1363,nationality,stereo,-53.189681405900046,-52.99130828026682
1364,race-color,stereo,-17.03117535682395,-17.057179681956768
1365,sexual-orientation,stereo,-50.62206627801061,-53.859792998060584
1366,gender,stereo,-17.670593044749694,-18.394987100502476
1367,socioeconomic,stereo,-29.49052643828327,-21.019884588720743
1368,disability,stereo,-66.57464126017294,-70.0393988523283
1369,race-color,stereo,-17.77116859194939,-21.860264291550266
1370,race-color,stereo,-39.729981944188694,-43.11967294693386
1371,race-color,stereo,-37.53909608442336,-37.264434308279306
1372,nationality,stereo,-62.76295407346879,-51.082265907691635
1373,disability,stereo,-8.110969873783688,-15.362462237566433
1374,religion,stereo,-10.6833625305444,-13.646399875404313
1375,age,stereo,-24.61439467035234,-22.96458686888218
1376,gender,antistereo,-50.21646955702454,-51.14280989905819
1377,religion,stereo,-57.48240234037098,-57.655949508673075
1378,gender,antistereo,-22.136504131523907,-19.22162843674778
1379,gender,stereo,-37.99351327685872,-37.47756830655271
1380,nationality,stereo,-29.23759114742279,-31.826197891496122
1381,race-color,stereo,-13.170600207859025,-14.255031896247601
1382,age,antistereo,-29.76922543346882,-16.327530533597837
1383,socioeconomic,stereo,-31.60057909041643,-32.175797294825315
1384,socioeconomic,stereo,-27.26324818696594,-26.462147955957334
1385,race-color,stereo,-14.726606770884246,-18.010766667779535
1386,race-color,stereo,-54.923997710226104,-50.88261401304044
1387,gender,stereo,-18.775592429097742,-22.78576185228303
1388,gender,stereo,-24.21851947014511,-25.799935123810428
1389,sexual-orientation,stereo,-32.231899335729395,-32.88397521506704
1390,physical-appearance,stereo,-34.628118165186606,-47.31389807164669
1391,socioeconomic,stereo,-19.648591343080625,-20.925519801676273
1392,nationality,stereo,-44.913215976594074,-41.43568814526952
1393,gender,stereo,-44.20098336401861,-46.620062837493606
1394,physical-appearance,stereo,-40.9986516275676,-44.7628290920984
1395,race-color,stereo,-8.632513734250097,-14.9721663067794
1396,gender,stereo,-20.88426513565355,-21.39740091256681
1397,race-color,stereo,-19.784776534885168,-21.298875480890274
1398,race-color,stereo,-39.5766420699656,-42.28142010048032
1399,race-color,stereo,-43.90900713751387,-59.564768392418046
1400,race-color,stereo,-16.045862702498198,-18.882047268696624
1401,nationality,stereo,-15.381870127166621,-21.142769361205865
1402,nationality,antistereo,-35.3215069770813,-33.4446816444397
1403,religion,stereo,-25.864028605166823,-27.67061648494564
1404,disability,antistereo,-40.08254430774832,-45.200701344845584
1405,race-color,stereo,-29.97369500878267,-41.31076481193304
1406,physical-appearance,stereo,-16.762161391903646,-21.13998504972551
1407,race-color,stereo,-24.15833498585104,-29.62359948153332
1408,race-color,stereo,-64.04341054722317,-66.25855272659828
1409,gender,stereo,-23.097694139927626,-21.537903547810856
1410,race-color,stereo,-22.48666236564509,-19.777593099989645
1411,race-color,stereo,-51.92537883066689,-52.02923722834748
1412,race-color,stereo,-20.11207914870465,-20.74444980091357
1413,religion,stereo,-32.29748708754778,-36.042970806360245
1414,socioeconomic,stereo,-41.2491507679224,-39.3633364867419
1415,race-color,stereo,-23.65052775014192,-23.213897144654766
1416,race-color,stereo,-51.11900205861309,-44.234858646566295
1417,race-color,stereo,-35.476468205684796,-35.53334699617699
1418,race-color,stereo,-49.521143186226254,-50.82400996018259
1419,race-color,antistereo,-22.84267245978117,-20.768594466149807
1420,race-color,stereo,-12.893341891787713,-26.19502171460772
1421,socioeconomic,stereo,-37.51764331416052,-35.62083470250218
1422,race-color,stereo,-47.27886424935423,-36.00223122572061
1423,race-color,stereo,-35.95639356970787,-32.676038367673755
1424,nationality,stereo,-16.89167812812957,-33.43546882743249
1425,age,stereo,-49.72149615823582,-49.96606787950441
1426,nationality,stereo,-73.8241372499615,-75.74580360762775
1427,race-color,stereo,-80.82711132534314,-55.50260580773465
1428,race-color,stereo,-17.66763530857861,-18.310777441598475
1429,race-color,stereo,-31.23829509317875,-29.68281213566661
1430,nationality,stereo,-71.52770953180095,-70.38089928119678
1431,race-color,stereo,-39.96303673375223,-38.4710155342691
1432,race-color,stereo,-19.89605414278094,-18.266937764179033
1433,socioeconomic,stereo,-19.583925906568766,-24.815583331976086
1434,gender,antistereo,-41.80129806883633,-48.210506765171885
1435,gender,antistereo,-18.871577241749037,-17.744811494543683
1436,race-color,stereo,-10.689739443620056,-23.92096978207701
1437,race-color,stereo,-26.105066041462123,-26.481271996162832
1438,race-color,stereo,-47.19350915889481,-48.028253437165404
1439,race-color,stereo,-26.28184405853972,-31.749277929309756
1440,nationality,stereo,-51.5996463811025,-56.29825427848846
1441,socioeconomic,stereo,-33.307883792136636,-37.52263012102594
1442,gender,antistereo,-19.356974873395302,-23.988356719959484
1443,nationality,stereo,-79.98672636575066,-72.87760661875654
1444,gender,antistereo,-48.49487195222173,-46.21124706440605
1445,race-color,stereo,-11.689414959480928,-14.017899418249726
1446,race-color,stereo,-27.809361334911955,-29.955077194201294
1447,race-color,stereo,-49.24928012849705,-43.50649037326366
1448,race-color,stereo,-27.772731160280728,-26.917038858061915
1449,race-color,stereo,-20.44166418677196,-21.081027149688452
1450,sexual-orientation,stereo,-37.890728652477264,-47.47309446334839
1451,race-color,stereo,-18.36657500132833,-26.134398797980793
1452,socioeconomic,stereo,-24.129343642664026,-19.129236331718857
1453,age,stereo,-25.575975686777383,-22.48751809541136
1454,gender,antistereo,-18.46094348996121,-20.02728514545015
1455,physical-appearance,stereo,-27.034815218299627,-26.828147776424885
1456,socioeconomic,antistereo,-34.83417970541632,-29.174302184255794
1457,nationality,stereo,-43.95775229949504,-43.86508594779298
1458,sexual-orientation,stereo,-27.348974497857853,-39.868220748903695
1459,religion,stereo,-21.423317778164346,-20.706360547583245
1460,socioeconomic,stereo,-27.008289530407637,-16.834823929617414
1461,race-color,stereo,-60.605089489836246,-64.16167215630412
1462,race-color,stereo,-28.597191088629188,-36.11476732965093
1463,race-color,stereo,-27.613507249072427,-25.673298097099178
1464,gender,antistereo,-42.394032894357224,-50.88167719737976
1465,socioeconomic,stereo,-27.31254101766126,-27.648541499168687
1466,race-color,antistereo,-20.837053363226005,-18.69502644426757
1467,nationality,stereo,-58.23524218458624,-50.91454162965965
1468,gender,antistereo,-27.695038821548223,-26.858716681599617
1469,age,antistereo,-25.594811304472387,-29.96008368069306
1470,gender,stereo,-23.194740364910103,-24.061315840051975
1471,gender,antistereo,-34.12992862763349,-37.57385422184598
1472,age,stereo,-30.052129149644315,-30.01881996334123
1473,religion,stereo,-32.18241318799846,-47.165316304068256
1474,gender,stereo,-18.340760391271033,-17.89144934597425
1475,race-color,stereo,-18.67755017288073,-15.277818299134879
1476,gender,antistereo,-34.935636812704615,-33.74141492287163
1477,race-color,stereo,-62.18718537688255,-44.29937647189945
1478,gender,antistereo,-44.31216908316128,-47.233505092561245
1479,gender,stereo,-26.645013850487885,-32.38800392844132
1480,race-color,stereo,-34.24810627341503,-44.9666023417376
1481,sexual-orientation,stereo,-26.764775525778532,-35.62587187439203
1482,sexual-orientation,stereo,-53.53620736906305,-54.91517879674211
1483,race-color,stereo,-57.26625934874755,-66.21198073105188
1484,nationality,stereo,-37.49624013208086,-47.025227068166714
1485,gender,antistereo,-26.74217921350737,-26.39476831556476
1486,gender,stereo,-20.077424280974355,-21.083872081471554
1487,race-color,stereo,-30.31125601939857,-33.14711928367615
1488,race-color,stereo,-27.921033799648285,-30.516579750925303
1489,race-color,stereo,-38.40863805576555,-43.65573696564934
1490,race-color,stereo,-66.96787339893399,-47.560968698619035
1491,socioeconomic,antistereo,-32.14597834805318,-24.028855586293503
1492,socioeconomic,stereo,-49.739505350515174,-56.299721512061296
1493,socioeconomic,stereo,-33.79438234247118,-30.968446115798542
1494,gender,stereo,-18.68687824098015,-17.66469028240681
1495,gender,stereo,-19.317771695787087,-19.9935828136513
1496,physical-appearance,stereo,-25.661921799968695,-23.297735103755258
1497,race-color,stereo,-33.07368682132801,-30.66280396169168
1498,socioeconomic,stereo,-27.80221498105675,-27.114151863846928
1499,gender,stereo,-17.852555721998215,-40.79900252074003
1500,race-color,stereo,-19.133435886353254,-18.749008666723967
1501,gender,antistereo,-46.83661354333162,-53.24967588833533
1502,religion,stereo,-21.423317778164346,-20.706360547583245
1503,race-color,stereo,-45.79883051663637,-27.870195759736816
1504,nationality,stereo,-28.122940301633207,-25.936733976122923
1505,age,stereo,-33.17024486457734,-43.328749978056265
1506,physical-appearance,stereo,-28.763543525710702,-31.68042118102312
1507,religion,stereo,-33.87775243209762,-40.98338954299106
